ID,Ammount,Percent,PretermPercent,TermDays,StartDate,withPercentCapitalization,IDclient
1,100000.0,20.0,6.0,90,12/14/2018,true,2
3,100000.0,20.0,6.0,90,12/14/2018,true,2
4,100000.0,20.0,6.0,90,12/14/2018,true,2
6,100000.0,20.0,6.0,90,12/14/2018,true,2
7,100000.0,20.0,6.0,90,12/14/2018,true,2
8,100000.0,20.0,6.0,90,12/14/2018,true,2
9,100000.0,20.0,6.0,90,12/14/2018,true,2
10,100000.0,20.0,6.0,90,12/14/2018,true,2
11,100000.0,20.0,6.0,90,12/14/2018,true,2
12,100000.0,20.0,6.0,90,12/14/2018,true,2
13,100000.0,20.0,6.0,90,12/14/2018,true,2
14,100000.0,20.0,6.0,90,12/14/2018,true,2
15,100000.0,20.0,6.0,90,12/14/2018,true,2
16,100000.0,20.0,6.0,90,12/14/2018,true,2
17,100000.0,20.0,6.0,90,12/14/2018,true,2
18,100000.0,20.0,6.0,90,12/14/2018,true,2
19,100000.0,20.0,6.0,90,12/14/2018,true,2
20,100000.0,20.0,6.0,90,12/14/2018,true,2
21,100000.0,20.0,6.0,90,12/14/2018,true,2
22,100000.0,20.0,6.0,90,12/14/2018,true,2
23,100000.0,20.0,6.0,90,12/14/2018,true,2
24,100000.0,20.0,6.0,90,12/14/2018,true,2
25,100000.0,20.0,6.0,90,12/14/2018,true,2
26,100000.0,20.0,6.0,90,12/14/2018,true,2
27,100000.0,20.0,6.0,90,12/14/2018,true,2
28,100000.0,20.0,6.0,90,12/14/2018,true,2
29,100000.0,20.0,6.0,90,12/14/2018,true,2
30,100000.0,20.0,6.0,90,12/14/2018,true,2
31,100000.0,20.0,6.0,90,12/14/2018,true,2
32,100000.0,20.0,6.0,90,12/14/2018,true,2
33,100000.0,20.0,6.0,90,12/14/2018,true,2
34,100000.0,20.0,6.0,90,12/14/2018,true,2
35,100000.0,20.0,6.0,90,12/14/2018,true,2
36,100000.0,20.0,6.0,90,12/14/2018,true,2
37,100000.0,20.0,6.0,90,12/14/2018,true,2
38,100000.0,20.0,6.0,90,12/14/2018,true,2
39,100000.0,20.0,6.0,90,12/14/2018,true,2
40,100000.0,20.0,6.0,90,12/14/2018,true,2
41,100000.0,20.0,6.0,90,12/14/2018,true,2
42,100000.0,20.0,6.0,90,12/14/2018,true,2
43,100000.0,20.0,6.0,90,12/14/2018,true,2
44,100000.0,20.0,6.0,90,12/14/2018,true,2
45,100000.0,20.0,6.0,90,12/14/2018,true,2
46,100000.0,20.0,6.0,90,12/14/2018,true,2
47,100000.0,20.0,6.0,90,12/14/2018,true,2
48,100000.0,20.0,6.0,90,12/14/2018,true,2
49,100000.0,20.0,6.0,90,12/14/2018,true,2
50,100000.0,20.0,6.0,90,12/14/2018,true,2
51,100000.0,20.0,6.0,90,12/14/2018,true,2
52,100000.0,20.0,6.0,90,12/14/2018,true,2
53,100000.0,20.0,6.0,90,12/14/2018,true,2
54,100000.0,20.0,6.0,90,12/14/2018,true,2
55,100000.0,20.0,6.0,90,12/14/2018,true,2
56,100000.0,20.0,6.0,90,12/14/2018,true,2
57,100000.0,20.0,6.0,90,12/14/2018,true,2
58,100000.0,20.0,6.0,90,12/14/2018,true,2
59,100000.0,20.0,6.0,90,12/14/2018,true,2
60,100000.0,20.0,6.0,90,12/14/2018,true,2
61,100000.0,20.0,6.0,90,12/14/2018,true,2
62,100000.0,20.0,6.0,90,12/14/2018,true,2
63,100000.0,20.0,6.0,90,12/14/2018,true,2
64,100000.0,20.0,6.0,90,12/14/2018,true,2
65,100000.0,20.0,6.0,90,12/14/2018,true,2
66,100000.0,20.0,6.0,90,12/14/2018,true,2
67,100000.0,20.0,6.0,90,12/14/2018,true,2
68,100000.0,20.0,6.0,90,12/14/2018,true,2
69,100000.0,20.0,6.0,90,12/14/2018,true,2
70,100000.0,20.0,6.0,90,12/14/2018,true,2
71,100000.0,20.0,6.0,90,12/14/2018,true,2
72,100000.0,20.0,6.0,90,12/14/2018,true,2
73,100000.0,20.0,6.0,90,12/14/2018,true,2
74,100000.0,20.0,6.0,90,12/14/2018,true,2
75,100000.0,20.0,6.0,90,12/14/2018,true,2
76,100000.0,20.0,6.0,90,12/14/2018,true,2
77,100000.0,20.0,6.0,90,12/14/2018,true,2
78,100000.0,20.0,6.0,90,12/14/2018,true,2
79,100000.0,20.0,6.0,90,12/14/2018,true,2
80,100000.0,20.0,6.0,90,12/14/2018,true,2
81,100000.0,20.0,6.0,90,12/14/2018,true,2
82,100000.0,20.0,6.0,90,12/14/2018,true,2
83,100000.0,20.0,6.0,90,12/14/2018,true,2
84,100000.0,20.0,6.0,90,12/14/2018,true,2
85,100000.0,20.0,6.0,90,12/14/2018,true,2
86,100000.0,20.0,6.0,90,12/14/2018,true,2
87,100000.0,20.0,6.0,90,12/14/2018,true,2
88,100000.0,20.0,6.0,90,12/14/2018,true,2
89,100000.0,20.0,6.0,90,12/14/2018,true,2
90,100000.0,20.0,6.0,90,12/14/2018,true,2
91,100000.0,20.0,6.0,90,12/14/2018,true,2
92,100000.0,20.0,6.0,90,12/14/2018,true,2
93,100000.0,20.0,6.0,90,12/14/2018,true,2
94,100000.0,20.0,6.0,90,12/14/2018,true,2
95,100000.0,20.0,6.0,90,12/14/2018,true,2
96,100000.0,20.0,6.0,90,12/14/2018,true,2
97,100000.0,20.0,6.0,90,12/14/2018,true,2
98,100000.0,20.0,6.0,90,12/14/2018,true,2
99,100000.0,20.0,6.0,90,12/14/2018,true,2
100,100000.0,20.0,6.0,90,12/14/2018,true,2
101,100000.0,20.0,6.0,90,12/14/2018,true,2
102,100000.0,20.0,6.0,90,12/14/2018,true,2
103,100000.0,20.0,6.0,90,12/14/2018,true,2
104,100000.0,20.0,6.0,90,12/14/2018,true,2
105,100000.0,20.0,6.0,90,12/14/2018,true,2
106,100000.0,20.0,6.0,90,12/14/2018,true,2
107,100000.0,20.0,6.0,90,12/14/2018,true,2
108,100000.0,20.0,6.0,90,12/14/2018,true,2
109,100000.0,20.0,6.0,90,12/14/2018,true,2
110,100000.0,20.0,6.0,90,12/14/2018,true,2
111,100000.0,20.0,6.0,90,12/14/2018,true,2
112,100000.0,20.0,6.0,90,12/14/2018,true,2
113,100000.0,20.0,6.0,90,12/14/2018,true,2
114,100000.0,20.0,6.0,90,12/14/2018,true,2
115,100000.0,20.0,6.0,90,12/14/2018,true,2
116,100000.0,20.0,6.0,90,12/14/2018,true,2
117,100000.0,20.0,6.0,90,12/14/2018,true,2
118,100000.0,20.0,6.0,90,12/14/2018,true,2
119,100000.0,20.0,6.0,90,12/14/2018,true,2
120,100000.0,20.0,6.0,90,12/14/2018,true,2
121,100000.0,20.0,6.0,90,12/14/2018,true,2
122,100000.0,20.0,6.0,90,12/14/2018,true,2
123,100000.0,20.0,6.0,90,12/14/2018,true,2
124,100000.0,20.0,6.0,90,12/14/2018,true,2
125,100000.0,20.0,6.0,90,12/14/2018,true,2
126,100000.0,20.0,6.0,90,12/14/2018,true,2
127,100000.0,20.0,6.0,90,12/14/2018,true,2
128,100000.0,20.0,6.0,90,12/14/2018,true,2
129,100000.0,20.0,6.0,90,12/14/2018,true,2
130,100000.0,20.0,6.0,90,12/14/2018,true,2
131,100000.0,20.0,6.0,90,12/14/2018,true,2
132,100000.0,20.0,6.0,90,12/14/2018,true,2
133,100000.0,20.0,6.0,90,12/14/2018,true,2
134,100000.0,20.0,6.0,90,12/14/2018,true,2
135,100000.0,20.0,6.0,90,12/14/2018,true,2
136,100000.0,20.0,6.0,90,12/14/2018,true,2
137,100000.0,20.0,6.0,90,12/14/2018,true,2
138,100000.0,20.0,6.0,90,12/14/2018,true,2
139,100000.0,20.0,6.0,90,12/14/2018,true,2
140,100000.0,20.0,6.0,90,12/14/2018,true,2
141,100000.0,20.0,6.0,90,12/14/2018,true,2
142,100000.0,20.0,6.0,90,12/14/2018,true,2
143,100000.0,20.0,6.0,90,12/14/2018,true,2
144,100000.0,20.0,6.0,90,12/14/2018,true,2
145,100000.0,20.0,6.0,90,12/14/2018,true,2
146,100000.0,20.0,6.0,90,12/14/2018,true,2
147,100000.0,20.0,6.0,90,12/14/2018,true,2
148,100000.0,20.0,6.0,90,12/14/2018,true,2
149,100000.0,20.0,6.0,90,12/14/2018,true,2
150,100000.0,20.0,6.0,90,12/14/2018,true,2
151,100000.0,20.0,6.0,90,12/14/2018,true,2
152,100000.0,20.0,6.0,90,12/14/2018,true,2
153,100000.0,20.0,6.0,90,12/14/2018,true,2
154,100000.0,20.0,6.0,90,12/14/2018,true,2
155,100000.0,20.0,6.0,90,12/14/2018,true,2
156,100000.0,20.0,6.0,90,12/14/2018,true,2
157,100000.0,20.0,6.0,90,12/14/2018,true,2
158,100000.0,20.0,6.0,90,12/14/2018,true,2
159,100000.0,20.0,6.0,90,12/14/2018,true,2
160,100000.0,20.0,6.0,90,12/14/2018,true,2
161,100000.0,20.0,6.0,90,12/14/2018,true,2
162,100000.0,20.0,6.0,90,12/14/2018,true,2
163,100000.0,20.0,6.0,90,12/14/2018,true,2
164,100000.0,20.0,6.0,90,12/14/2018,true,2
165,100000.0,20.0,6.0,90,12/14/2018,true,2
166,100000.0,20.0,6.0,90,12/14/2018,true,2
167,100000.0,20.0,6.0,90,12/14/2018,true,2
168,100000.0,20.0,6.0,90,12/14/2018,true,2
169,100000.0,20.0,6.0,90,12/14/2018,true,2
170,100000.0,20.0,6.0,90,12/14/2018,true,2
171,100000.0,20.0,6.0,90,12/14/2018,true,2
172,100000.0,20.0,6.0,90,12/14/2018,true,2
173,100000.0,20.0,6.0,90,12/14/2018,true,2
174,100000.0,20.0,6.0,90,12/14/2018,true,2
175,100000.0,20.0,6.0,90,12/14/2018,true,2
176,100000.0,20.0,6.0,90,12/14/2018,true,2
177,100000.0,20.0,6.0,90,12/14/2018,true,2
178,100000.0,20.0,6.0,90,12/14/2018,true,2
179,100000.0,20.0,6.0,90,12/14/2018,true,2
180,100000.0,20.0,6.0,90,12/14/2018,true,2
181,100000.0,20.0,6.0,90,12/14/2018,true,2
182,100000.0,20.0,6.0,90,12/14/2018,true,2
183,100000.0,20.0,6.0,90,12/14/2018,true,2
184,100000.0,20.0,6.0,90,12/14/2018,true,2
185,100000.0,20.0,6.0,90,12/14/2018,true,2
186,100000.0,20.0,6.0,90,12/14/2018,true,2
187,100000.0,20.0,6.0,90,12/14/2018,true,2
188,100000.0,20.0,6.0,90,12/14/2018,true,2
189,100000.0,20.0,6.0,90,12/14/2018,true,2
190,100000.0,20.0,6.0,90,12/14/2018,true,2
191,100000.0,20.0,6.0,90,12/14/2018,true,2
192,100000.0,20.0,6.0,90,12/14/2018,true,2
193,100000.0,20.0,6.0,90,12/14/2018,true,2
194,100000.0,20.0,6.0,90,12/14/2018,true,2
195,100000.0,20.0,6.0,90,12/14/2018,true,2
196,100000.0,20.0,6.0,90,12/14/2018,true,2
197,100000.0,20.0,6.0,90,12/14/2018,true,2
198,100000.0,20.0,6.0,90,12/14/2018,true,2
199,100000.0,20.0,6.0,90,12/14/2018,true,2
200,100000.0,20.0,6.0,90,12/14/2018,true,2
201,100000.0,20.0,6.0,90,12/14/2018,true,2
202,100000.0,20.0,6.0,90,12/14/2018,true,2
203,100000.0,20.0,6.0,90,12/14/2018,true,2
204,100000.0,20.0,6.0,90,12/14/2018,true,2
205,100000.0,20.0,6.0,90,12/14/2018,true,2
206,100000.0,20.0,6.0,90,12/14/2018,true,2
207,100000.0,20.0,6.0,90,12/14/2018,true,2
208,100000.0,20.0,6.0,90,12/14/2018,true,2
209,100000.0,20.0,6.0,90,12/14/2018,true,2
210,100000.0,20.0,6.0,90,12/14/2018,true,2
211,100000.0,20.0,6.0,90,12/14/2018,true,2
212,100000.0,20.0,6.0,90,12/14/2018,true,2
213,100000.0,20.0,6.0,90,12/14/2018,true,2
214,100000.0,20.0,6.0,90,12/14/2018,true,2
215,100000.0,20.0,6.0,90,12/14/2018,true,2
216,100000.0,20.0,6.0,90,12/14/2018,true,2
217,100000.0,20.0,6.0,90,12/14/2018,true,2
218,100000.0,20.0,6.0,90,12/14/2018,true,2
219,100000.0,20.0,6.0,90,12/14/2018,true,2
220,100000.0,20.0,6.0,90,12/14/2018,true,2
221,100000.0,20.0,6.0,90,12/14/2018,true,2
222,100000.0,20.0,6.0,90,12/14/2018,true,2
223,100000.0,20.0,6.0,90,12/14/2018,true,2
224,100000.0,20.0,6.0,90,12/14/2018,true,2
225,100000.0,20.0,6.0,90,12/14/2018,true,2
226,100000.0,20.0,6.0,90,12/14/2018,true,2
227,100000.0,20.0,6.0,90,12/14/2018,true,2
228,100000.0,20.0,6.0,90,12/14/2018,true,2
229,100000.0,20.0,6.0,90,12/14/2018,true,2
230,100000.0,20.0,6.0,90,12/14/2018,true,2
231,100000.0,20.0,6.0,90,12/14/2018,true,2
232,100000.0,20.0,6.0,90,12/14/2018,true,2
233,100000.0,20.0,6.0,90,12/14/2018,true,2
234,100000.0,20.0,6.0,90,12/14/2018,true,2
235,100000.0,20.0,6.0,90,12/14/2018,true,2
236,100000.0,20.0,6.0,90,12/14/2018,true,2
237,100000.0,20.0,6.0,90,12/14/2018,true,2
238,100000.0,20.0,6.0,90,12/14/2018,true,2
239,100000.0,20.0,6.0,90,12/14/2018,true,2
240,100000.0,20.0,6.0,90,12/14/2018,true,2
241,100000.0,20.0,6.0,90,12/14/2018,true,2
242,100000.0,20.0,6.0,90,12/14/2018,true,2
243,100000.0,20.0,6.0,90,12/14/2018,true,2
244,100000.0,20.0,6.0,90,12/14/2018,true,2
245,100000.0,20.0,6.0,90,12/14/2018,true,2
246,100000.0,20.0,6.0,90,12/14/2018,true,2
247,100000.0,20.0,6.0,90,12/14/2018,true,2
248,100000.0,20.0,6.0,90,12/14/2018,true,2
249,100000.0,20.0,6.0,90,12/14/2018,true,2
250,100000.0,20.0,6.0,90,12/14/2018,true,2
251,100000.0,20.0,6.0,90,12/14/2018,true,2
252,100000.0,20.0,6.0,90,12/14/2018,true,2
253,100000.0,20.0,6.0,90,12/14/2018,true,2
254,100000.0,20.0,6.0,90,12/14/2018,true,2
255,100000.0,20.0,6.0,90,12/14/2018,true,2
256,100000.0,20.0,6.0,90,12/14/2018,true,2
257,100000.0,20.0,6.0,90,12/14/2018,true,2
258,100000.0,20.0,6.0,90,12/14/2018,true,2
259,100000.0,20.0,6.0,90,12/14/2018,true,2
260,100000.0,20.0,6.0,90,12/14/2018,true,2
261,100000.0,20.0,6.0,90,12/14/2018,true,2
262,100000.0,20.0,6.0,90,12/14/2018,true,2
263,100000.0,20.0,6.0,90,12/14/2018,true,2
264,100000.0,20.0,6.0,90,12/14/2018,true,2
265,100000.0,20.0,6.0,90,12/14/2018,true,2
266,100000.0,20.0,6.0,90,12/14/2018,true,2
267,100000.0,20.0,6.0,90,12/14/2018,true,2
268,100000.0,20.0,6.0,90,12/14/2018,true,2
269,100000.0,20.0,6.0,90,12/14/2018,true,2
270,100000.0,20.0,6.0,90,12/14/2018,true,2
271,100000.0,20.0,6.0,90,12/14/2018,true,2
272,100000.0,20.0,6.0,90,12/14/2018,true,2
273,100000.0,20.0,6.0,90,12/14/2018,true,2
274,100000.0,20.0,6.0,90,12/14/2018,true,2
275,100000.0,20.0,6.0,90,12/14/2018,true,2
276,100000.0,20.0,6.0,90,12/14/2018,true,2
277,100000.0,20.0,6.0,90,12/14/2018,true,2
278,100000.0,20.0,6.0,90,12/14/2018,true,2
279,100000.0,20.0,6.0,90,12/14/2018,true,2
280,100000.0,20.0,6.0,90,12/14/2018,true,2
281,100000.0,20.0,6.0,90,12/14/2018,true,2
282,100000.0,20.0,6.0,90,12/14/2018,true,2
283,100000.0,20.0,6.0,90,12/14/2018,true,2
284,100000.0,20.0,6.0,90,12/14/2018,true,2
285,100000.0,20.0,6.0,90,12/14/2018,true,2
286,100000.0,20.0,6.0,90,12/14/2018,true,2
287,100000.0,20.0,6.0,90,12/14/2018,true,2
288,100000.0,20.0,6.0,90,12/14/2018,true,2
289,100000.0,20.0,6.0,90,12/14/2018,true,2
290,100000.0,20.0,6.0,90,12/14/2018,true,2
291,100000.0,20.0,6.0,90,12/14/2018,true,2
292,100000.0,20.0,6.0,90,12/14/2018,true,2
293,100000.0,20.0,6.0,90,12/14/2018,true,2
294,100000.0,20.0,6.0,90,12/14/2018,true,2
295,100000.0,20.0,6.0,90,12/14/2018,true,2
296,100000.0,20.0,6.0,90,12/14/2018,true,2
297,100000.0,20.0,6.0,90,12/14/2018,true,2
298,100000.0,20.0,6.0,90,12/14/2018,true,2
299,100000.0,20.0,6.0,90,12/14/2018,true,2
300,100000.0,20.0,6.0,90,12/14/2018,true,2
301,100000.0,20.0,6.0,90,12/14/2018,true,2
302,100000.0,20.0,6.0,90,12/14/2018,true,2
303,100000.0,20.0,6.0,90,12/14/2018,true,2
304,100000.0,20.0,6.0,90,12/14/2018,true,2
305,100000.0,20.0,6.0,90,12/14/2018,true,2
306,100000.0,20.0,6.0,90,12/14/2018,true,2
307,100000.0,20.0,6.0,90,12/14/2018,true,2
308,100000.0,20.0,6.0,90,12/14/2018,true,2
309,100000.0,20.0,6.0,90,12/14/2018,true,2
310,100000.0,20.0,6.0,90,12/14/2018,true,2
311,100000.0,20.0,6.0,90,12/14/2018,true,2
312,100000.0,20.0,6.0,90,12/14/2018,true,2
313,100000.0,20.0,6.0,90,12/14/2018,true,2
314,100000.0,20.0,6.0,90,12/14/2018,true,2
315,100000.0,20.0,6.0,90,12/14/2018,true,2
316,100000.0,20.0,6.0,90,12/14/2018,true,2
317,100000.0,20.0,6.0,90,12/14/2018,true,2
318,100000.0,20.0,6.0,90,12/14/2018,true,2
319,100000.0,20.0,6.0,90,12/14/2018,true,2
320,100000.0,20.0,6.0,90,12/14/2018,true,2
321,100000.0,20.0,6.0,90,12/14/2018,true,2
322,100000.0,20.0,6.0,90,12/14/2018,true,2
323,100000.0,20.0,6.0,90,12/14/2018,true,2
324,100000.0,20.0,6.0,90,12/14/2018,true,2
325,100000.0,20.0,6.0,90,12/14/2018,true,2
326,100000.0,20.0,6.0,90,12/14/2018,true,2
327,100000.0,20.0,6.0,90,12/14/2018,true,2
328,100000.0,20.0,6.0,90,12/14/2018,true,2
329,100000.0,20.0,6.0,90,12/14/2018,true,2
330,100000.0,20.0,6.0,90,12/14/2018,true,2
331,100000.0,20.0,6.0,90,12/14/2018,true,2
332,100000.0,20.0,6.0,90,12/14/2018,true,2
333,100000.0,20.0,6.0,90,12/14/2018,true,2
334,100000.0,20.0,6.0,90,12/14/2018,true,2
335,100000.0,20.0,6.0,90,12/14/2018,true,2
336,100000.0,20.0,6.0,90,12/14/2018,true,2
337,100000.0,20.0,6.0,90,12/14/2018,true,2
338,100000.0,20.0,6.0,90,12/14/2018,true,2
339,100000.0,20.0,6.0,90,12/14/2018,true,2
340,100000.0,20.0,6.0,90,12/14/2018,true,2
341,100000.0,20.0,6.0,90,12/14/2018,true,2
342,100000.0,20.0,6.0,90,12/14/2018,true,2
343,100000.0,20.0,6.0,90,12/14/2018,true,2
344,100000.0,20.0,6.0,90,12/14/2018,true,2
345,100000.0,20.0,6.0,90,12/14/2018,true,2
346,100000.0,20.0,6.0,90,12/14/2018,true,2
347,100000.0,20.0,6.0,90,12/14/2018,true,2
348,100000.0,20.0,6.0,90,12/14/2018,true,2
349,100000.0,20.0,6.0,90,12/14/2018,true,2
350,100000.0,20.0,6.0,90,12/14/2018,true,2
351,100000.0,20.0,6.0,90,12/14/2018,true,2
352,100000.0,20.0,6.0,90,12/14/2018,true,2
353,100000.0,20.0,6.0,90,12/14/2018,true,2
354,100000.0,20.0,6.0,90,12/14/2018,true,2
355,100000.0,20.0,6.0,90,12/14/2018,true,2
356,100000.0,20.0,6.0,90,12/14/2018,true,2
357,100000.0,20.0,6.0,90,12/14/2018,true,2
358,100000.0,20.0,6.0,90,12/14/2018,true,2
359,100000.0,20.0,6.0,90,12/14/2018,true,2
360,100000.0,20.0,6.0,90,12/14/2018,true,2
361,100000.0,20.0,6.0,90,12/14/2018,true,2
362,100000.0,20.0,6.0,90,12/14/2018,true,2
363,100000.0,20.0,6.0,90,12/14/2018,true,2
364,100000.0,20.0,6.0,90,12/14/2018,true,2
365,100000.0,20.0,6.0,90,12/14/2018,true,2
366,100000.0,20.0,6.0,90,12/14/2018,true,2
367,100000.0,20.0,6.0,90,12/14/2018,true,2
368,100000.0,20.0,6.0,90,12/14/2018,true,2
369,100000.0,20.0,6.0,90,12/14/2018,true,2
370,100000.0,20.0,6.0,90,12/14/2018,true,2
371,100000.0,20.0,6.0,90,12/14/2018,true,2
372,100000.0,20.0,6.0,90,12/14/2018,true,2
373,100000.0,20.0,6.0,90,12/14/2018,true,2
374,100000.0,20.0,6.0,90,12/14/2018,true,2
375,100000.0,20.0,6.0,90,12/14/2018,true,2
376,100000.0,20.0,6.0,90,12/14/2018,true,2
377,100000.0,20.0,6.0,90,12/14/2018,true,2
378,100000.0,20.0,6.0,90,12/14/2018,true,2
379,100000.0,20.0,6.0,90,12/14/2018,true,2
380,100000.0,20.0,6.0,90,12/14/2018,true,2
381,100000.0,20.0,6.0,90,12/14/2018,true,2
382,100000.0,20.0,6.0,90,12/14/2018,true,2
383,100000.0,20.0,6.0,90,12/14/2018,true,2
384,100000.0,20.0,6.0,90,12/14/2018,true,2
385,100000.0,20.0,6.0,90,12/14/2018,true,2
386,100000.0,20.0,6.0,90,12/14/2018,true,2
387,100000.0,20.0,6.0,90,12/14/2018,true,2
388,100000.0,20.0,6.0,90,12/14/2018,true,2
389,100000.0,20.0,6.0,90,12/14/2018,true,2
390,100000.0,20.0,6.0,90,12/14/2018,true,2
391,100000.0,20.0,6.0,90,12/14/2018,true,2
392,100000.0,20.0,6.0,90,12/14/2018,true,2
393,100000.0,20.0,6.0,90,12/14/2018,true,2
394,100000.0,20.0,6.0,90,12/14/2018,true,2
395,100000.0,20.0,6.0,90,12/14/2018,true,2
396,100000.0,20.0,6.0,90,12/14/2018,true,2
397,100000.0,20.0,6.0,90,12/14/2018,true,2
398,100000.0,20.0,6.0,90,12/14/2018,true,2
399,100000.0,20.0,6.0,90,12/14/2018,true,2
400,100000.0,20.0,6.0,90,12/14/2018,true,2
401,100000.0,20.0,6.0,90,12/14/2018,true,2
402,100000.0,20.0,6.0,90,12/14/2018,true,2
403,100000.0,20.0,6.0,90,12/14/2018,true,2
404,100000.0,20.0,6.0,90,12/14/2018,true,2
405,100000.0,20.0,6.0,90,12/14/2018,true,2
406,100000.0,20.0,6.0,90,12/14/2018,true,2
407,100000.0,20.0,6.0,90,12/14/2018,true,2
408,100000.0,20.0,6.0,90,12/14/2018,true,2
409,100000.0,20.0,6.0,90,12/14/2018,true,2
410,100000.0,20.0,6.0,90,12/14/2018,true,2
411,100000.0,20.0,6.0,90,12/14/2018,true,2
412,100000.0,20.0,6.0,90,12/14/2018,true,2
413,100000.0,20.0,6.0,90,12/14/2018,true,2
414,100000.0,20.0,6.0,90,12/14/2018,true,2
415,100000.0,20.0,6.0,90,12/14/2018,true,2
416,100000.0,20.0,6.0,90,12/14/2018,true,2
417,100000.0,20.0,6.0,90,12/14/2018,true,2
418,100000.0,20.0,6.0,90,12/14/2018,true,2
419,100000.0,20.0,6.0,90,12/14/2018,true,2
420,100000.0,20.0,6.0,90,12/14/2018,true,2
421,100000.0,20.0,6.0,90,12/14/2018,true,2
422,100000.0,20.0,6.0,90,12/14/2018,true,2
423,100000.0,20.0,6.0,90,12/14/2018,true,2
424,100000.0,20.0,6.0,90,12/14/2018,true,2
425,100000.0,20.0,6.0,90,12/14/2018,true,2
426,100000.0,20.0,6.0,90,12/14/2018,true,2
427,100000.0,20.0,6.0,90,12/14/2018,true,2
428,100000.0,20.0,6.0,90,12/14/2018,true,2
429,100000.0,20.0,6.0,90,12/14/2018,true,2
430,100000.0,20.0,6.0,90,12/14/2018,true,2
431,100000.0,20.0,6.0,90,12/14/2018,true,2
432,100000.0,20.0,6.0,90,12/14/2018,true,2
433,100000.0,20.0,6.0,90,12/14/2018,true,2
434,100000.0,20.0,6.0,90,12/14/2018,true,2
435,100000.0,20.0,6.0,90,12/14/2018,true,2
436,100000.0,20.0,6.0,90,12/14/2018,true,2
437,100000.0,20.0,6.0,90,12/14/2018,true,2
438,100000.0,20.0,6.0,90,12/14/2018,true,2
439,100000.0,20.0,6.0,90,12/14/2018,true,2
440,100000.0,20.0,6.0,90,12/14/2018,true,2
441,100000.0,20.0,6.0,90,12/14/2018,true,2
442,100000.0,20.0,6.0,90,12/14/2018,true,2
443,100000.0,20.0,6.0,90,12/14/2018,true,2
444,100000.0,20.0,6.0,90,12/14/2018,true,2
445,100000.0,20.0,6.0,90,12/14/2018,true,2
446,100000.0,20.0,6.0,90,12/14/2018,true,2
447,100000.0,20.0,6.0,90,12/14/2018,true,2
448,100000.0,20.0,6.0,90,12/14/2018,true,2
449,100000.0,20.0,6.0,90,12/14/2018,true,2
450,100000.0,20.0,6.0,90,12/14/2018,true,2
451,100000.0,20.0,6.0,90,12/14/2018,true,2
452,100000.0,20.0,6.0,90,12/14/2018,true,2
453,100000.0,20.0,6.0,90,12/14/2018,true,2
454,100000.0,20.0,6.0,90,12/14/2018,true,2
455,100000.0,20.0,6.0,90,12/14/2018,true,2
456,100000.0,20.0,6.0,90,12/14/2018,true,2
457,100000.0,20.0,6.0,90,12/14/2018,true,2
458,100000.0,20.0,6.0,90,12/14/2018,true,2
459,100000.0,20.0,6.0,90,12/14/2018,true,2
460,100000.0,20.0,6.0,90,12/14/2018,true,2
461,100000.0,20.0,6.0,90,12/14/2018,true,2
462,100000.0,20.0,6.0,90,12/14/2018,true,2
463,100000.0,20.0,6.0,90,12/14/2018,true,2
464,100000.0,20.0,6.0,90,12/14/2018,true,2
465,100000.0,20.0,6.0,90,12/14/2018,true,2
466,100000.0,20.0,6.0,90,12/14/2018,true,2
467,100000.0,20.0,6.0,90,12/14/2018,true,2
468,100000.0,20.0,6.0,90,12/14/2018,true,2
469,100000.0,20.0,6.0,90,12/14/2018,true,2
470,100000.0,20.0,6.0,90,12/14/2018,true,2
471,100000.0,20.0,6.0,90,12/14/2018,true,2
472,100000.0,20.0,6.0,90,12/14/2018,true,2
473,100000.0,20.0,6.0,90,12/14/2018,true,2
474,100000.0,20.0,6.0,90,12/14/2018,true,2
475,100000.0,20.0,6.0,90,12/14/2018,true,2
476,100000.0,20.0,6.0,90,12/14/2018,true,2
477,100000.0,20.0,6.0,90,12/14/2018,true,2
478,100000.0,20.0,6.0,90,12/14/2018,true,2
479,100000.0,20.0,6.0,90,12/14/2018,true,2
480,100000.0,20.0,6.0,90,12/14/2018,true,2
481,100000.0,20.0,6.0,90,12/14/2018,true,2
482,100000.0,20.0,6.0,90,12/14/2018,true,2
483,100000.0,20.0,6.0,90,12/14/2018,true,2
484,100000.0,20.0,6.0,90,12/14/2018,true,2
485,100000.0,20.0,6.0,90,12/14/2018,true,2
486,100000.0,20.0,6.0,90,12/14/2018,true,2
487,100000.0,20.0,6.0,90,12/14/2018,true,2
488,100000.0,20.0,6.0,90,12/14/2018,true,2
489,100000.0,20.0,6.0,90,12/14/2018,true,2
490,100000.0,20.0,6.0,90,12/14/2018,true,2
491,100000.0,20.0,6.0,90,12/14/2018,true,2
492,100000.0,20.0,6.0,90,12/14/2018,true,2
493,100000.0,20.0,6.0,90,12/14/2018,true,2
494,100000.0,20.0,6.0,90,12/14/2018,true,2
495,100000.0,20.0,6.0,90,12/14/2018,true,2
496,100000.0,20.0,6.0,90,12/14/2018,true,2
497,100000.0,20.0,6.0,90,12/14/2018,true,2
498,100000.0,20.0,6.0,90,12/14/2018,true,2
499,100000.0,20.0,6.0,90,12/14/2018,true,2
500,100000.0,20.0,6.0,90,12/14/2018,true,2
501,100000.0,20.0,6.0,90,12/14/2018,true,2
502,100000.0,20.0,6.0,90,12/14/2018,true,2
503,100000.0,20.0,6.0,90,12/14/2018,true,2
504,100000.0,20.0,6.0,90,12/14/2018,true,2
505,100000.0,20.0,6.0,90,12/14/2018,true,2
506,100000.0,20.0,6.0,90,12/14/2018,true,2
507,100000.0,20.0,6.0,90,12/14/2018,true,2
508,100000.0,20.0,6.0,90,12/14/2018,true,2
509,100000.0,20.0,6.0,90,12/14/2018,true,2
510,100000.0,20.0,6.0,90,12/14/2018,true,2
511,100000.0,20.0,6.0,90,12/14/2018,true,2
512,100000.0,20.0,6.0,90,12/14/2018,true,2
513,100000.0,20.0,6.0,90,12/14/2018,true,2
514,100000.0,20.0,6.0,90,12/14/2018,true,2
515,100000.0,20.0,6.0,90,12/14/2018,true,2
516,100000.0,20.0,6.0,90,12/14/2018,true,2
517,100000.0,20.0,6.0,90,12/14/2018,true,2
518,100000.0,20.0,6.0,90,12/14/2018,true,2
519,100000.0,20.0,6.0,90,12/14/2018,true,2
520,100000.0,20.0,6.0,90,12/14/2018,true,2
521,100000.0,20.0,6.0,90,12/14/2018,true,2
522,100000.0,20.0,6.0,90,12/14/2018,true,2
523,100000.0,20.0,6.0,90,12/14/2018,true,2
524,100000.0,20.0,6.0,90,12/14/2018,true,2
525,100000.0,20.0,6.0,90,12/14/2018,true,2
526,100000.0,20.0,6.0,90,12/14/2018,true,2
527,100000.0,20.0,6.0,90,12/14/2018,true,2
528,100000.0,20.0,6.0,90,12/14/2018,true,2
529,100000.0,20.0,6.0,90,12/14/2018,true,2
530,100000.0,20.0,6.0,90,12/14/2018,true,2
531,100000.0,20.0,6.0,90,12/14/2018,true,2
532,100000.0,20.0,6.0,90,12/14/2018,true,2
533,100000.0,20.0,6.0,90,12/14/2018,true,2
534,100000.0,20.0,6.0,90,12/14/2018,true,2
535,100000.0,20.0,6.0,90,12/14/2018,true,2
536,100000.0,20.0,6.0,90,12/14/2018,true,2
537,100000.0,20.0,6.0,90,12/14/2018,true,2
538,100000.0,20.0,6.0,90,12/14/2018,true,2
539,100000.0,20.0,6.0,90,12/14/2018,true,2
540,100000.0,20.0,6.0,90,12/14/2018,true,2
541,100000.0,20.0,6.0,90,12/14/2018,true,2
542,100000.0,20.0,6.0,90,12/14/2018,true,2
543,100000.0,20.0,6.0,90,12/14/2018,true,2
544,100000.0,20.0,6.0,90,12/14/2018,true,2
545,100000.0,20.0,6.0,90,12/14/2018,true,2
546,100000.0,20.0,6.0,90,12/14/2018,true,2
547,100000.0,20.0,6.0,90,12/14/2018,true,2
548,100000.0,20.0,6.0,90,12/14/2018,true,2
549,100000.0,20.0,6.0,90,12/14/2018,true,2
550,100000.0,20.0,6.0,90,12/14/2018,true,2
551,100000.0,20.0,6.0,90,12/14/2018,true,2
552,100000.0,20.0,6.0,90,12/14/2018,true,2
553,100000.0,20.0,6.0,90,12/14/2018,true,2
554,100000.0,20.0,6.0,90,12/14/2018,true,2
555,100000.0,20.0,6.0,90,12/14/2018,true,2
556,100000.0,20.0,6.0,90,12/14/2018,true,2
557,100000.0,20.0,6.0,90,12/14/2018,true,2
558,100000.0,20.0,6.0,90,12/14/2018,true,2
559,100000.0,20.0,6.0,90,12/14/2018,true,2
560,100000.0,20.0,6.0,90,12/14/2018,true,2
561,100000.0,20.0,6.0,90,12/14/2018,true,2
562,100000.0,20.0,6.0,90,12/14/2018,true,2
563,100000.0,20.0,6.0,90,12/14/2018,true,2
564,100000.0,20.0,6.0,90,12/14/2018,true,2
565,100000.0,20.0,6.0,90,12/14/2018,true,2
566,100000.0,20.0,6.0,90,12/14/2018,true,2
567,100000.0,20.0,6.0,90,12/14/2018,true,2
568,100000.0,20.0,6.0,90,12/14/2018,true,2
569,100000.0,20.0,6.0,90,12/14/2018,true,2
570,100000.0,20.0,6.0,90,12/14/2018,true,2
571,100000.0,20.0,6.0,90,12/14/2018,true,2
572,100000.0,20.0,6.0,90,12/14/2018,true,2
573,100000.0,20.0,6.0,90,12/14/2018,true,2
574,100000.0,20.0,6.0,90,12/14/2018,true,2
575,100000.0,20.0,6.0,90,12/14/2018,true,2
576,100000.0,20.0,6.0,90,12/14/2018,true,2
577,100000.0,20.0,6.0,90,12/14/2018,true,2
578,100000.0,20.0,6.0,90,12/14/2018,true,2
579,100000.0,20.0,6.0,90,12/14/2018,true,2
580,100000.0,20.0,6.0,90,12/14/2018,true,2
581,100000.0,20.0,6.0,90,12/14/2018,true,2
582,100000.0,20.0,6.0,90,12/14/2018,true,2
583,100000.0,20.0,6.0,90,12/14/2018,true,2
584,100000.0,20.0,6.0,90,12/14/2018,true,2
585,100000.0,20.0,6.0,90,12/14/2018,true,2
586,100000.0,20.0,6.0,90,12/14/2018,true,2
587,100000.0,20.0,6.0,90,12/14/2018,true,2
588,100000.0,20.0,6.0,90,12/14/2018,true,2
589,100000.0,20.0,6.0,90,12/14/2018,true,2
590,100000.0,20.0,6.0,90,12/14/2018,true,2
591,100000.0,20.0,6.0,90,12/14/2018,true,2
592,100000.0,20.0,6.0,90,12/14/2018,true,2
593,100000.0,20.0,6.0,90,12/14/2018,true,2
594,100000.0,20.0,6.0,90,12/14/2018,true,2
595,100000.0,20.0,6.0,90,12/14/2018,true,2
596,100000.0,20.0,6.0,90,12/14/2018,true,2
597,100000.0,20.0,6.0,90,12/14/2018,true,2
598,100000.0,20.0,6.0,90,12/14/2018,true,2
599,100000.0,20.0,6.0,90,12/14/2018,true,2
600,100000.0,20.0,6.0,90,12/14/2018,true,2
601,100000.0,20.0,6.0,90,12/14/2018,true,2
602,100000.0,20.0,6.0,90,12/14/2018,true,2
603,100000.0,20.0,6.0,90,12/14/2018,true,2
604,100000.0,20.0,6.0,90,12/14/2018,true,2
605,100000.0,20.0,6.0,90,12/14/2018,true,2
606,100000.0,20.0,6.0,90,12/14/2018,true,2
607,100000.0,20.0,6.0,90,12/14/2018,true,2
608,100000.0,20.0,6.0,90,12/14/2018,true,2
609,100000.0,20.0,6.0,90,12/14/2018,true,2
610,100000.0,20.0,6.0,90,12/14/2018,true,2
611,100000.0,20.0,6.0,90,12/14/2018,true,2
612,100000.0,20.0,6.0,90,12/14/2018,true,2
613,100000.0,20.0,6.0,90,12/14/2018,true,2
614,100000.0,20.0,6.0,90,12/14/2018,true,2
615,100000.0,20.0,6.0,90,12/14/2018,true,2
616,100000.0,20.0,6.0,90,12/14/2018,true,2
617,100000.0,20.0,6.0,90,12/14/2018,true,2
618,100000.0,20.0,6.0,90,12/14/2018,true,2
619,100000.0,20.0,6.0,90,12/14/2018,true,2
620,100000.0,20.0,6.0,90,12/14/2018,true,2
621,100000.0,20.0,6.0,90,12/14/2018,true,2
622,100000.0,20.0,6.0,90,12/14/2018,true,2
623,100000.0,20.0,6.0,90,12/14/2018,true,2
624,100000.0,20.0,6.0,90,12/14/2018,true,2
625,100000.0,20.0,6.0,90,12/14/2018,true,2
626,100000.0,20.0,6.0,90,12/14/2018,true,2
627,100000.0,20.0,6.0,90,12/14/2018,true,2
628,100000.0,20.0,6.0,90,12/14/2018,true,2
629,100000.0,20.0,6.0,90,12/14/2018,true,2
630,100000.0,20.0,6.0,90,12/14/2018,true,2
631,100000.0,20.0,6.0,90,12/14/2018,true,2
632,100000.0,20.0,6.0,90,12/14/2018,true,2
633,100000.0,20.0,6.0,90,12/14/2018,true,2
634,100000.0,20.0,6.0,90,12/14/2018,true,2
635,100000.0,20.0,6.0,90,12/14/2018,true,2
636,100000.0,20.0,6.0,90,12/14/2018,true,2
637,100000.0,20.0,6.0,90,12/14/2018,true,2
638,100000.0,20.0,6.0,90,12/14/2018,true,2
639,100000.0,20.0,6.0,90,12/14/2018,true,2
640,100000.0,20.0,6.0,90,12/14/2018,true,2
641,100000.0,20.0,6.0,90,12/14/2018,true,2
642,100000.0,20.0,6.0,90,12/14/2018,true,2
643,100000.0,20.0,6.0,90,12/14/2018,true,2
644,100000.0,20.0,6.0,90,12/14/2018,true,2
645,100000.0,20.0,6.0,90,12/14/2018,true,2
646,100000.0,20.0,6.0,90,12/14/2018,true,2
647,100000.0,20.0,6.0,90,12/14/2018,true,2
648,100000.0,20.0,6.0,90,12/14/2018,true,2
649,100000.0,20.0,6.0,90,12/14/2018,true,2
650,100000.0,20.0,6.0,90,12/14/2018,true,2
651,100000.0,20.0,6.0,90,12/14/2018,true,2
652,100000.0,20.0,6.0,90,12/14/2018,true,2
653,100000.0,20.0,6.0,90,12/14/2018,true,2
654,100000.0,20.0,6.0,90,12/14/2018,true,2
655,100000.0,20.0,6.0,90,12/14/2018,true,2
656,100000.0,20.0,6.0,90,12/14/2018,true,2
657,100000.0,20.0,6.0,90,12/14/2018,true,2
658,100000.0,20.0,6.0,90,12/14/2018,true,2
659,100000.0,20.0,6.0,90,12/14/2018,true,2
660,100000.0,20.0,6.0,90,12/14/2018,true,2
661,100000.0,20.0,6.0,90,12/14/2018,true,2
662,100000.0,20.0,6.0,90,12/14/2018,true,2
663,100000.0,20.0,6.0,90,12/14/2018,true,2
664,100000.0,20.0,6.0,90,12/14/2018,true,2
665,100000.0,20.0,6.0,90,12/14/2018,true,2
666,100000.0,20.0,6.0,90,12/14/2018,true,2
667,100000.0,20.0,6.0,90,12/14/2018,true,2
668,100000.0,20.0,6.0,90,12/14/2018,true,2
669,100000.0,20.0,6.0,90,12/14/2018,true,2
670,100000.0,20.0,6.0,90,12/14/2018,true,2
671,100000.0,20.0,6.0,90,12/14/2018,true,2
672,100000.0,20.0,6.0,90,12/14/2018,true,2
673,100000.0,20.0,6.0,90,12/14/2018,true,2
674,100000.0,20.0,6.0,90,12/14/2018,true,2
675,100000.0,20.0,6.0,90,12/14/2018,true,2
676,100000.0,20.0,6.0,90,12/14/2018,true,2
677,100000.0,20.0,6.0,90,12/14/2018,true,2
678,100000.0,20.0,6.0,90,12/14/2018,true,2
679,100000.0,20.0,6.0,90,12/14/2018,true,2
680,100000.0,20.0,6.0,90,12/14/2018,true,2
681,100000.0,20.0,6.0,90,12/14/2018,true,2
682,100000.0,20.0,6.0,90,12/14/2018,true,2
683,100000.0,20.0,6.0,90,12/14/2018,true,2
684,100000.0,20.0,6.0,90,12/14/2018,true,2
685,100000.0,20.0,6.0,90,12/14/2018,true,2
686,100000.0,20.0,6.0,90,12/14/2018,true,2
687,100000.0,20.0,6.0,90,12/14/2018,true,2
688,100000.0,20.0,6.0,90,12/14/2018,true,2
689,100000.0,20.0,6.0,90,12/14/2018,true,2
690,100000.0,20.0,6.0,90,12/14/2018,true,2
691,100000.0,20.0,6.0,90,12/14/2018,true,2
692,100000.0,20.0,6.0,90,12/14/2018,true,2
693,100000.0,20.0,6.0,90,12/14/2018,true,2
694,100000.0,20.0,6.0,90,12/14/2018,true,2
695,100000.0,20.0,6.0,90,12/14/2018,true,2
696,100000.0,20.0,6.0,90,12/14/2018,true,2
697,100000.0,20.0,6.0,90,12/14/2018,true,2
698,100000.0,20.0,6.0,90,12/14/2018,true,2
699,100000.0,20.0,6.0,90,12/14/2018,true,2
700,100000.0,20.0,6.0,90,12/14/2018,true,2
701,100000.0,20.0,6.0,90,12/14/2018,true,2
702,100000.0,20.0,6.0,90,12/14/2018,true,2
703,100000.0,20.0,6.0,90,12/14/2018,true,2
704,100000.0,20.0,6.0,90,12/14/2018,true,2
705,100000.0,20.0,6.0,90,12/14/2018,true,2
706,100000.0,20.0,6.0,90,12/14/2018,true,2
707,100000.0,20.0,6.0,90,12/14/2018,true,2
708,100000.0,20.0,6.0,90,12/14/2018,true,2
709,100000.0,20.0,6.0,90,12/14/2018,true,2
710,100000.0,20.0,6.0,90,12/14/2018,true,2
711,100000.0,20.0,6.0,90,12/14/2018,true,2
712,100000.0,20.0,6.0,90,12/14/2018,true,2
713,100000.0,20.0,6.0,90,12/14/2018,true,2
714,100000.0,20.0,6.0,90,12/14/2018,true,2
715,100000.0,20.0,6.0,90,12/14/2018,true,2
716,100000.0,20.0,6.0,90,12/14/2018,true,2
717,100000.0,20.0,6.0,90,12/14/2018,true,2
718,100000.0,20.0,6.0,90,12/14/2018,true,2
719,100000.0,20.0,6.0,90,12/14/2018,true,2
720,100000.0,20.0,6.0,90,12/14/2018,true,2
721,100000.0,20.0,6.0,90,12/14/2018,true,2
722,100000.0,20.0,6.0,90,12/14/2018,true,2
723,100000.0,20.0,6.0,90,12/14/2018,true,2
724,100000.0,20.0,6.0,90,12/14/2018,true,2
725,100000.0,20.0,6.0,90,12/14/2018,true,2
726,100000.0,20.0,6.0,90,12/14/2018,true,2
727,100000.0,20.0,6.0,90,12/14/2018,true,2
728,100000.0,20.0,6.0,90,12/14/2018,true,2
729,100000.0,20.0,6.0,90,12/14/2018,true,2
730,100000.0,20.0,6.0,90,12/14/2018,true,2
731,100000.0,20.0,6.0,90,12/14/2018,true,2
732,100000.0,20.0,6.0,90,12/14/2018,true,2
733,100000.0,20.0,6.0,90,12/14/2018,true,2
734,100000.0,20.0,6.0,90,12/14/2018,true,2
735,100000.0,20.0,6.0,90,12/14/2018,true,2
736,100000.0,20.0,6.0,90,12/14/2018,true,2
737,100000.0,20.0,6.0,90,12/14/2018,true,2
738,100000.0,20.0,6.0,90,12/14/2018,true,2
739,100000.0,20.0,6.0,90,12/14/2018,true,2
740,100000.0,20.0,6.0,90,12/14/2018,true,2
741,100000.0,20.0,6.0,90,12/14/2018,true,2
742,100000.0,20.0,6.0,90,12/14/2018,true,2
743,100000.0,20.0,6.0,90,12/14/2018,true,2
744,100000.0,20.0,6.0,90,12/14/2018,true,2
745,100000.0,20.0,6.0,90,12/14/2018,true,2
746,100000.0,20.0,6.0,90,12/14/2018,true,2
747,100000.0,20.0,6.0,90,12/14/2018,true,2
748,100000.0,20.0,6.0,90,12/14/2018,true,2
749,100000.0,20.0,6.0,90,12/14/2018,true,2
750,100000.0,20.0,6.0,90,12/14/2018,true,2
751,100000.0,20.0,6.0,90,12/14/2018,true,2
752,100000.0,20.0,6.0,90,12/14/2018,true,2
753,100000.0,20.0,6.0,90,12/14/2018,true,2
754,100000.0,20.0,6.0,90,12/14/2018,true,2
755,100000.0,20.0,6.0,90,12/14/2018,true,2
756,100000.0,20.0,6.0,90,12/14/2018,true,2
757,100000.0,20.0,6.0,90,12/14/2018,true,2
758,100000.0,20.0,6.0,90,12/14/2018,true,2
759,100000.0,20.0,6.0,90,12/14/2018,true,2
760,100000.0,20.0,6.0,90,12/14/2018,true,2
761,100000.0,20.0,6.0,90,12/14/2018,true,2
762,100000.0,20.0,6.0,90,12/14/2018,true,2
763,100000.0,20.0,6.0,90,12/14/2018,true,2
764,100000.0,20.0,6.0,90,12/14/2018,true,2
765,100000.0,20.0,6.0,90,12/14/2018,true,2
766,100000.0,20.0,6.0,90,12/14/2018,true,2
767,100000.0,20.0,6.0,90,12/14/2018,true,2
768,100000.0,20.0,6.0,90,12/14/2018,true,2
769,100000.0,20.0,6.0,90,12/14/2018,true,2
770,100000.0,20.0,6.0,90,12/14/2018,true,2
771,100000.0,20.0,6.0,90,12/14/2018,true,2
772,100000.0,20.0,6.0,90,12/14/2018,true,2
773,100000.0,20.0,6.0,90,12/14/2018,true,2
774,100000.0,20.0,6.0,90,12/14/2018,true,2
775,100000.0,20.0,6.0,90,12/14/2018,true,2
776,100000.0,20.0,6.0,90,12/14/2018,true,2
777,100000.0,20.0,6.0,90,12/14/2018,true,2
778,100000.0,20.0,6.0,90,12/14/2018,true,2
779,100000.0,20.0,6.0,90,12/14/2018,true,2
780,100000.0,20.0,6.0,90,12/14/2018,true,2
781,100000.0,20.0,6.0,90,12/14/2018,true,2
782,100000.0,20.0,6.0,90,12/14/2018,true,2
783,100000.0,20.0,6.0,90,12/14/2018,true,2
784,100000.0,20.0,6.0,90,12/14/2018,true,2
785,100000.0,20.0,6.0,90,12/14/2018,true,2
786,100000.0,20.0,6.0,90,12/14/2018,true,2
787,100000.0,20.0,6.0,90,12/14/2018,true,2
788,100000.0,20.0,6.0,90,12/14/2018,true,2
789,100000.0,20.0,6.0,90,12/14/2018,true,2
790,100000.0,20.0,6.0,90,12/14/2018,true,2
791,100000.0,20.0,6.0,90,12/14/2018,true,2
792,100000.0,20.0,6.0,90,12/14/2018,true,2
793,100000.0,20.0,6.0,90,12/14/2018,true,2
794,100000.0,20.0,6.0,90,12/14/2018,true,2
795,100000.0,20.0,6.0,90,12/14/2018,true,2
796,100000.0,20.0,6.0,90,12/14/2018,true,2
797,100000.0,20.0,6.0,90,12/14/2018,true,2
798,100000.0,20.0,6.0,90,12/14/2018,true,2
799,100000.0,20.0,6.0,90,12/14/2018,true,2
800,100000.0,20.0,6.0,90,12/14/2018,true,2
801,100000.0,20.0,6.0,90,12/14/2018,true,2
802,100000.0,20.0,6.0,90,12/14/2018,true,2
803,100000.0,20.0,6.0,90,12/14/2018,true,2
804,100000.0,20.0,6.0,90,12/14/2018,true,2
805,100000.0,20.0,6.0,90,12/14/2018,true,2
806,100000.0,20.0,6.0,90,12/14/2018,true,2
807,100000.0,20.0,6.0,90,12/14/2018,true,2
808,100000.0,20.0,6.0,90,12/14/2018,true,2
809,100000.0,20.0,6.0,90,12/14/2018,true,2
810,100000.0,20.0,6.0,90,12/14/2018,true,2
811,100000.0,20.0,6.0,90,12/14/2018,true,2
812,100000.0,20.0,6.0,90,12/14/2018,true,2
813,100000.0,20.0,6.0,90,12/14/2018,true,2
814,100000.0,20.0,6.0,90,12/14/2018,true,2
815,100000.0,20.0,6.0,90,12/14/2018,true,2
816,100000.0,20.0,6.0,90,12/14/2018,true,2
817,100000.0,20.0,6.0,90,12/14/2018,true,2
818,100000.0,20.0,6.0,90,12/14/2018,true,2
819,100000.0,20.0,6.0,90,12/14/2018,true,2
820,100000.0,20.0,6.0,90,12/14/2018,true,2
821,100000.0,20.0,6.0,90,12/14/2018,true,2
822,100000.0,20.0,6.0,90,12/14/2018,true,2
823,100000.0,20.0,6.0,90,12/14/2018,true,2
824,100000.0,20.0,6.0,90,12/14/2018,true,2
825,100000.0,20.0,6.0,90,12/14/2018,true,2
826,100000.0,20.0,6.0,90,12/14/2018,true,2
827,100000.0,20.0,6.0,90,12/14/2018,true,2
828,100000.0,20.0,6.0,90,12/14/2018,true,2
829,100000.0,20.0,6.0,90,12/14/2018,true,2
830,100000.0,20.0,6.0,90,12/14/2018,true,2
831,100000.0,20.0,6.0,90,12/14/2018,true,2
832,100000.0,20.0,6.0,90,12/14/2018,true,2
833,100000.0,20.0,6.0,90,12/14/2018,true,2
834,100000.0,20.0,6.0,90,12/14/2018,true,2
835,100000.0,20.0,6.0,90,12/14/2018,true,2
836,100000.0,20.0,6.0,90,12/14/2018,true,2
837,100000.0,20.0,6.0,90,12/14/2018,true,2
838,100000.0,20.0,6.0,90,12/14/2018,true,2
839,100000.0,20.0,6.0,90,12/14/2018,true,2
840,100000.0,20.0,6.0,90,12/14/2018,true,2
841,100000.0,20.0,6.0,90,12/14/2018,true,2
842,100000.0,20.0,6.0,90,12/14/2018,true,2
843,100000.0,20.0,6.0,90,12/14/2018,true,2
844,100000.0,20.0,6.0,90,12/14/2018,true,2
845,100000.0,20.0,6.0,90,12/14/2018,true,2
846,100000.0,20.0,6.0,90,12/14/2018,true,2
847,100000.0,20.0,6.0,90,12/14/2018,true,2
848,100000.0,20.0,6.0,90,12/14/2018,true,2
849,100000.0,20.0,6.0,90,12/14/2018,true,2
850,100000.0,20.0,6.0,90,12/14/2018,true,2
851,100000.0,20.0,6.0,90,12/14/2018,true,2
852,100000.0,20.0,6.0,90,12/14/2018,true,2
853,100000.0,20.0,6.0,90,12/14/2018,true,2
854,100000.0,20.0,6.0,90,12/14/2018,true,2
855,100000.0,20.0,6.0,90,12/14/2018,true,2
856,100000.0,20.0,6.0,90,12/14/2018,true,2
857,100000.0,20.0,6.0,90,12/14/2018,true,2
858,100000.0,20.0,6.0,90,12/14/2018,true,2
859,100000.0,20.0,6.0,90,12/14/2018,true,2
860,100000.0,20.0,6.0,90,12/14/2018,true,2
861,100000.0,20.0,6.0,90,12/14/2018,true,2
862,100000.0,20.0,6.0,90,12/14/2018,true,2
863,100000.0,20.0,6.0,90,12/14/2018,true,2
864,100000.0,20.0,6.0,90,12/14/2018,true,2
865,100000.0,20.0,6.0,90,12/14/2018,true,2
866,100000.0,20.0,6.0,90,12/14/2018,true,2
867,100000.0,20.0,6.0,90,12/14/2018,true,2
868,100000.0,20.0,6.0,90,12/14/2018,true,2
869,100000.0,20.0,6.0,90,12/14/2018,true,2
870,100000.0,20.0,6.0,90,12/14/2018,true,2
871,100000.0,20.0,6.0,90,12/14/2018,true,2
872,100000.0,20.0,6.0,90,12/14/2018,true,2
873,100000.0,20.0,6.0,90,12/14/2018,true,2
874,100000.0,20.0,6.0,90,12/14/2018,true,2
875,100000.0,20.0,6.0,90,12/14/2018,true,2
876,100000.0,20.0,6.0,90,12/14/2018,true,2
877,100000.0,20.0,6.0,90,12/14/2018,true,2
878,100000.0,20.0,6.0,90,12/14/2018,true,2
879,100000.0,20.0,6.0,90,12/14/2018,true,2
880,100000.0,20.0,6.0,90,12/14/2018,true,2
881,100000.0,20.0,6.0,90,12/14/2018,true,2
882,100000.0,20.0,6.0,90,12/14/2018,true,2
883,100000.0,20.0,6.0,90,12/14/2018,true,2
884,100000.0,20.0,6.0,90,12/14/2018,true,2
885,100000.0,20.0,6.0,90,12/14/2018,true,2
886,100000.0,20.0,6.0,90,12/14/2018,true,2
887,100000.0,20.0,6.0,90,12/14/2018,true,2
888,100000.0,20.0,6.0,90,12/14/2018,true,2
889,100000.0,20.0,6.0,90,12/14/2018,true,2
890,100000.0,20.0,6.0,90,12/14/2018,true,2
891,100000.0,20.0,6.0,90,12/14/2018,true,2
892,100000.0,20.0,6.0,90,12/14/2018,true,2
893,100000.0,20.0,6.0,90,12/14/2018,true,2
894,100000.0,20.0,6.0,90,12/14/2018,true,2
895,100000.0,20.0,6.0,90,12/14/2018,true,2
896,100000.0,20.0,6.0,90,12/14/2018,true,2
897,100000.0,20.0,6.0,90,12/14/2018,true,2
898,100000.0,20.0,6.0,90,12/14/2018,true,2
899,100000.0,20.0,6.0,90,12/14/2018,true,2
900,100000.0,20.0,6.0,90,12/14/2018,true,2
901,100000.0,20.0,6.0,90,12/14/2018,true,2
902,100000.0,20.0,6.0,90,12/14/2018,true,2
903,100000.0,20.0,6.0,90,12/14/2018,true,2
904,100000.0,20.0,6.0,90,12/14/2018,true,2
905,100000.0,20.0,6.0,90,12/14/2018,true,2
906,100000.0,20.0,6.0,90,12/14/2018,true,2
907,100000.0,20.0,6.0,90,12/14/2018,true,2
908,100000.0,20.0,6.0,90,12/14/2018,true,2
909,100000.0,20.0,6.0,90,12/14/2018,true,2
910,100000.0,20.0,6.0,90,12/14/2018,true,2
911,100000.0,20.0,6.0,90,12/14/2018,true,2
912,100000.0,20.0,6.0,90,12/14/2018,true,2
913,100000.0,20.0,6.0,90,12/14/2018,true,2
914,100000.0,20.0,6.0,90,12/14/2018,true,2
915,100000.0,20.0,6.0,90,12/14/2018,true,2
916,100000.0,20.0,6.0,90,12/14/2018,true,2
917,100000.0,20.0,6.0,90,12/14/2018,true,2
918,100000.0,20.0,6.0,90,12/14/2018,true,2
919,100000.0,20.0,6.0,90,12/14/2018,true,2
920,100000.0,20.0,6.0,90,12/14/2018,true,2
921,100000.0,20.0,6.0,90,12/14/2018,true,2
922,100000.0,20.0,6.0,90,12/14/2018,true,2
923,100000.0,20.0,6.0,90,12/14/2018,true,2
924,100000.0,20.0,6.0,90,12/14/2018,true,2
925,100000.0,20.0,6.0,90,12/14/2018,true,2
926,100000.0,20.0,6.0,90,12/14/2018,true,2
927,100000.0,20.0,6.0,90,12/14/2018,true,2
928,100000.0,20.0,6.0,90,12/14/2018,true,2
929,100000.0,20.0,6.0,90,12/14/2018,true,2
930,100000.0,20.0,6.0,90,12/14/2018,true,2
931,100000.0,20.0,6.0,90,12/14/2018,true,2
932,100000.0,20.0,6.0,90,12/14/2018,true,2
933,100000.0,20.0,6.0,90,12/14/2018,true,2
934,100000.0,20.0,6.0,90,12/14/2018,true,2
935,100000.0,20.0,6.0,90,12/14/2018,true,2
936,100000.0,20.0,6.0,90,12/14/2018,true,2
937,100000.0,20.0,6.0,90,12/14/2018,true,2
938,100000.0,20.0,6.0,90,12/14/2018,true,2
939,100000.0,20.0,6.0,90,12/14/2018,true,2
940,100000.0,20.0,6.0,90,12/14/2018,true,2
941,100000.0,20.0,6.0,90,12/14/2018,true,2
942,100000.0,20.0,6.0,90,12/14/2018,true,2
943,100000.0,20.0,6.0,90,12/14/2018,true,2
944,100000.0,20.0,6.0,90,12/14/2018,true,2
945,100000.0,20.0,6.0,90,12/14/2018,true,2
946,100000.0,20.0,6.0,90,12/14/2018,true,2
947,100000.0,20.0,6.0,90,12/14/2018,true,2
948,100000.0,20.0,6.0,90,12/14/2018,true,2
949,100000.0,20.0,6.0,90,12/14/2018,true,2
950,100000.0,20.0,6.0,90,12/14/2018,true,2
951,100000.0,20.0,6.0,90,12/14/2018,true,2
952,100000.0,20.0,6.0,90,12/14/2018,true,2
953,100000.0,20.0,6.0,90,12/14/2018,true,2
954,100000.0,20.0,6.0,90,12/14/2018,true,2
955,100000.0,20.0,6.0,90,12/14/2018,true,2
956,100000.0,20.0,6.0,90,12/14/2018,true,2
957,100000.0,20.0,6.0,90,12/14/2018,true,2
958,100000.0,20.0,6.0,90,12/14/2018,true,2
959,100000.0,20.0,6.0,90,12/14/2018,true,2
960,100000.0,20.0,6.0,90,12/14/2018,true,2
961,100000.0,20.0,6.0,90,12/14/2018,true,2
962,100000.0,20.0,6.0,90,12/14/2018,true,2
963,100000.0,20.0,6.0,90,12/14/2018,true,2
964,100000.0,20.0,6.0,90,12/14/2018,true,2
965,100000.0,20.0,6.0,90,12/14/2018,true,2
966,100000.0,20.0,6.0,90,12/14/2018,true,2
967,100000.0,20.0,6.0,90,12/14/2018,true,2
968,100000.0,20.0,6.0,90,12/14/2018,true,2
969,100000.0,20.0,6.0,90,12/14/2018,true,2
970,100000.0,20.0,6.0,90,12/14/2018,true,2
971,100000.0,20.0,6.0,90,12/14/2018,true,2
972,100000.0,20.0,6.0,90,12/14/2018,true,2
973,100000.0,20.0,6.0,90,12/14/2018,true,2
974,100000.0,20.0,6.0,90,12/14/2018,true,2
975,100000.0,20.0,6.0,90,12/14/2018,true,2
976,100000.0,20.0,6.0,90,12/14/2018,true,2
977,100000.0,20.0,6.0,90,12/14/2018,true,2
978,100000.0,20.0,6.0,90,12/14/2018,true,2
979,100000.0,20.0,6.0,90,12/14/2018,true,2
980,100000.0,20.0,6.0,90,12/14/2018,true,2
981,100000.0,20.0,6.0,90,12/14/2018,true,2
982,100000.0,20.0,6.0,90,12/14/2018,true,2
983,100000.0,20.0,6.0,90,12/14/2018,true,2
984,100000.0,20.0,6.0,90,12/14/2018,true,2
985,100000.0,20.0,6.0,90,12/14/2018,true,2
986,100000.0,20.0,6.0,90,12/14/2018,true,2
987,100000.0,20.0,6.0,90,12/14/2018,true,2
988,100000.0,20.0,6.0,90,12/14/2018,true,2
989,100000.0,20.0,6.0,90,12/14/2018,true,2
990,100000.0,20.0,6.0,90,12/14/2018,true,2
991,100000.0,20.0,6.0,90,12/14/2018,true,2
992,100000.0,20.0,6.0,90,12/14/2018,true,2
993,100000.0,20.0,6.0,90,12/14/2018,true,2
994,100000.0,20.0,6.0,90,12/14/2018,true,2
995,100000.0,20.0,6.0,90,12/14/2018,true,2
996,100000.0,20.0,6.0,90,12/14/2018,true,2
997,100000.0,20.0,6.0,90,12/14/2018,true,2
998,100000.0,20.0,6.0,90,12/14/2018,true,2
999,100000.0,20.0,6.0,90,12/14/2018,true,2
1000,100000.0,20.0,6.0,90,12/14/2018,true,2
1001,100000.0,20.0,6.0,90,12/14/2018,true,2
1002,100000.0,20.0,6.0,90,12/14/2018,true,2
1003,100000.0,20.0,6.0,90,12/14/2018,true,2
1004,100000.0,20.0,6.0,90,12/14/2018,true,2
1005,100000.0,20.0,6.0,90,12/14/2018,true,2
1006,100000.0,20.0,6.0,90,12/14/2018,true,2
1007,100000.0,20.0,6.0,90,12/14/2018,true,2
1008,100000.0,20.0,6.0,90,12/14/2018,true,2
1009,100000.0,20.0,6.0,90,12/14/2018,true,2
1010,100000.0,20.0,6.0,90,12/14/2018,true,2
1011,100000.0,20.0,6.0,90,12/14/2018,true,2
1012,100000.0,20.0,6.0,90,12/14/2018,true,2
1013,100000.0,20.0,6.0,90,12/14/2018,true,2
1014,100000.0,20.0,6.0,90,12/14/2018,true,2
1015,100000.0,20.0,6.0,90,12/14/2018,true,2
1016,100000.0,20.0,6.0,90,12/14/2018,true,2
1017,100000.0,20.0,6.0,90,12/14/2018,true,2
1018,100000.0,20.0,6.0,90,12/14/2018,true,2
1019,100000.0,20.0,6.0,90,12/14/2018,true,2
1020,100000.0,20.0,6.0,90,12/14/2018,true,2
1021,100000.0,20.0,6.0,90,12/14/2018,true,2
1022,100000.0,20.0,6.0,90,12/14/2018,true,2
1023,100000.0,20.0,6.0,90,12/14/2018,true,2
1024,100000.0,20.0,6.0,90,12/14/2018,true,2
1025,100000.0,20.0,6.0,90,12/14/2018,true,2
1026,100000.0,20.0,6.0,90,12/14/2018,true,2
1027,100000.0,20.0,6.0,90,12/14/2018,true,2
1028,100000.0,20.0,6.0,90,12/14/2018,true,2
1029,100000.0,20.0,6.0,90,12/14/2018,true,2
1030,100000.0,20.0,6.0,90,12/14/2018,true,2
1031,100000.0,20.0,6.0,90,12/14/2018,true,2
1032,100000.0,20.0,6.0,90,12/14/2018,true,2
1033,100000.0,20.0,6.0,90,12/14/2018,true,2
1034,100000.0,20.0,6.0,90,12/14/2018,true,2
1035,100000.0,20.0,6.0,90,12/14/2018,true,2
1036,100000.0,20.0,6.0,90,12/14/2018,true,2
1037,100000.0,20.0,6.0,90,12/14/2018,true,2
1038,100000.0,20.0,6.0,90,12/14/2018,true,2
1039,100000.0,20.0,6.0,90,12/14/2018,true,2
1040,100000.0,20.0,6.0,90,12/14/2018,true,2
1041,100000.0,20.0,6.0,90,12/14/2018,true,2
1042,100000.0,20.0,6.0,90,12/14/2018,true,2
1043,100000.0,20.0,6.0,90,12/14/2018,true,2
1044,100000.0,20.0,6.0,90,12/14/2018,true,2
1045,100000.0,20.0,6.0,90,12/14/2018,true,2
1046,100000.0,20.0,6.0,90,12/14/2018,true,2
1047,100000.0,20.0,6.0,90,12/14/2018,true,2
1048,100000.0,20.0,6.0,90,12/14/2018,true,2
1049,100000.0,20.0,6.0,90,12/14/2018,true,2
1050,100000.0,20.0,6.0,90,12/14/2018,true,2
1051,100000.0,20.0,6.0,90,12/14/2018,true,2
1052,100000.0,20.0,6.0,90,12/14/2018,true,2
1053,100000.0,20.0,6.0,90,12/14/2018,true,2
1054,100000.0,20.0,6.0,90,12/14/2018,true,2
1055,100000.0,20.0,6.0,90,12/14/2018,true,2
1056,100000.0,20.0,6.0,90,12/14/2018,true,2
1057,100000.0,20.0,6.0,90,12/14/2018,true,2
1058,100000.0,20.0,6.0,90,12/14/2018,true,2
1059,100000.0,20.0,6.0,90,12/14/2018,true,2
1060,100000.0,20.0,6.0,90,12/14/2018,true,2
1061,100000.0,20.0,6.0,90,12/14/2018,true,2
1062,100000.0,20.0,6.0,90,12/14/2018,true,2
1063,100000.0,20.0,6.0,90,12/14/2018,true,2
1064,100000.0,20.0,6.0,90,12/14/2018,true,2
1065,100000.0,20.0,6.0,90,12/14/2018,true,2
1066,100000.0,20.0,6.0,90,12/14/2018,true,2
1067,100000.0,20.0,6.0,90,12/14/2018,true,2
1068,100000.0,20.0,6.0,90,12/14/2018,true,2
1069,100000.0,20.0,6.0,90,12/14/2018,true,2
1070,100000.0,20.0,6.0,90,12/14/2018,true,2
1071,100000.0,20.0,6.0,90,12/14/2018,true,2
1072,100000.0,20.0,6.0,90,12/14/2018,true,2
1073,100000.0,20.0,6.0,90,12/14/2018,true,2
1074,100000.0,20.0,6.0,90,12/14/2018,true,2
1075,100000.0,20.0,6.0,90,12/14/2018,true,2
1076,100000.0,20.0,6.0,90,12/14/2018,true,2
1077,100000.0,20.0,6.0,90,12/14/2018,true,2
1078,100000.0,20.0,6.0,90,12/14/2018,true,2
1079,100000.0,20.0,6.0,90,12/14/2018,true,2
1080,100000.0,20.0,6.0,90,12/14/2018,true,2
1081,100000.0,20.0,6.0,90,12/14/2018,true,2
1082,100000.0,20.0,6.0,90,12/14/2018,true,2
1083,100000.0,20.0,6.0,90,12/14/2018,true,2
1084,100000.0,20.0,6.0,90,12/14/2018,true,2
1085,100000.0,20.0,6.0,90,12/14/2018,true,2
1086,100000.0,20.0,6.0,90,12/14/2018,true,2
1087,100000.0,20.0,6.0,90,12/14/2018,true,2
1088,100000.0,20.0,6.0,90,12/14/2018,true,2
1089,100000.0,20.0,6.0,90,12/14/2018,true,2
1090,100000.0,20.0,6.0,90,12/14/2018,true,2
1091,100000.0,20.0,6.0,90,12/14/2018,true,2
1092,100000.0,20.0,6.0,90,12/14/2018,true,2
1093,100000.0,20.0,6.0,90,12/14/2018,true,2
1094,100000.0,20.0,6.0,90,12/14/2018,true,2
1095,100000.0,20.0,6.0,90,12/14/2018,true,2
1096,100000.0,20.0,6.0,90,12/14/2018,true,2
1097,100000.0,20.0,6.0,90,12/14/2018,true,2
1098,100000.0,20.0,6.0,90,12/14/2018,true,2
1099,100000.0,20.0,6.0,90,12/14/2018,true,2
1100,100000.0,20.0,6.0,90,12/14/2018,true,2
1101,100000.0,20.0,6.0,90,12/14/2018,true,2
1102,100000.0,20.0,6.0,90,12/14/2018,true,2
1103,100000.0,20.0,6.0,90,12/14/2018,true,2
1104,100000.0,20.0,6.0,90,12/14/2018,true,2
1105,100000.0,20.0,6.0,90,12/14/2018,true,2
1106,100000.0,20.0,6.0,90,12/14/2018,true,2
1107,100000.0,20.0,6.0,90,12/14/2018,true,2
1108,100000.0,20.0,6.0,90,12/14/2018,true,2
1109,100000.0,20.0,6.0,90,12/14/2018,true,2
1110,100000.0,20.0,6.0,90,12/14/2018,true,2
1111,100000.0,20.0,6.0,90,12/14/2018,true,2
1112,100000.0,20.0,6.0,90,12/14/2018,true,2
1113,100000.0,20.0,6.0,90,12/14/2018,true,2
1114,100000.0,20.0,6.0,90,12/14/2018,true,2
1115,100000.0,20.0,6.0,90,12/14/2018,true,2
1116,100000.0,20.0,6.0,90,12/14/2018,true,2
1117,100000.0,20.0,6.0,90,12/14/2018,true,2
1118,100000.0,20.0,6.0,90,12/14/2018,true,2
1119,100000.0,20.0,6.0,90,12/14/2018,true,2
1120,100000.0,20.0,6.0,90,12/14/2018,true,2
1121,100000.0,20.0,6.0,90,12/14/2018,true,2
1122,100000.0,20.0,6.0,90,12/14/2018,true,2
1123,100000.0,20.0,6.0,90,12/14/2018,true,2
1124,100000.0,20.0,6.0,90,12/14/2018,true,2
1125,100000.0,20.0,6.0,90,12/14/2018,true,2
1126,100000.0,20.0,6.0,90,12/14/2018,true,2
1127,100000.0,20.0,6.0,90,12/14/2018,true,2
1128,100000.0,20.0,6.0,90,12/14/2018,true,2
1129,100000.0,20.0,6.0,90,12/14/2018,true,2
1130,100000.0,20.0,6.0,90,12/14/2018,true,2
1131,100000.0,20.0,6.0,90,12/14/2018,true,2
1132,100000.0,20.0,6.0,90,12/14/2018,true,2
1133,100000.0,20.0,6.0,90,12/14/2018,true,2
1134,100000.0,20.0,6.0,90,12/14/2018,true,2
1135,100000.0,20.0,6.0,90,12/14/2018,true,2
1136,100000.0,20.0,6.0,90,12/14/2018,true,2
1137,100000.0,20.0,6.0,90,12/14/2018,true,2
1138,100000.0,20.0,6.0,90,12/14/2018,true,2
1139,100000.0,20.0,6.0,90,12/14/2018,true,2
1140,100000.0,20.0,6.0,90,12/14/2018,true,2
1141,100000.0,20.0,6.0,90,12/14/2018,true,2
1142,100000.0,20.0,6.0,90,12/14/2018,true,2
1143,100000.0,20.0,6.0,90,12/14/2018,true,2
1144,100000.0,20.0,6.0,90,12/14/2018,true,2
1145,100000.0,20.0,6.0,90,12/14/2018,true,2
1146,100000.0,20.0,6.0,90,12/14/2018,true,2
1147,100000.0,20.0,6.0,90,12/14/2018,true,2
1148,100000.0,20.0,6.0,90,12/14/2018,true,2
1149,100000.0,20.0,6.0,90,12/14/2018,true,2
1150,100000.0,20.0,6.0,90,12/14/2018,true,2
1151,100000.0,20.0,6.0,90,12/14/2018,true,2
1152,100000.0,20.0,6.0,90,12/14/2018,true,2
1153,100000.0,20.0,6.0,90,12/14/2018,true,2
1154,100000.0,20.0,6.0,90,12/14/2018,true,2
1155,100000.0,20.0,6.0,90,12/14/2018,true,2
1156,100000.0,20.0,6.0,90,12/14/2018,true,2
1157,100000.0,20.0,6.0,90,12/14/2018,true,2
1158,100000.0,20.0,6.0,90,12/14/2018,true,2
1159,100000.0,20.0,6.0,90,12/14/2018,true,2
1160,100000.0,20.0,6.0,90,12/14/2018,true,2
1161,100000.0,20.0,6.0,90,12/14/2018,true,2
1162,100000.0,20.0,6.0,90,12/14/2018,true,2
1163,100000.0,20.0,6.0,90,12/14/2018,true,2
1164,100000.0,20.0,6.0,90,12/14/2018,true,2
1165,100000.0,20.0,6.0,90,12/14/2018,true,2
1166,100000.0,20.0,6.0,90,12/14/2018,true,2
1167,100000.0,20.0,6.0,90,12/14/2018,true,2
1168,100000.0,20.0,6.0,90,12/14/2018,true,2
1169,100000.0,20.0,6.0,90,12/14/2018,true,2
1170,100000.0,20.0,6.0,90,12/14/2018,true,2
1171,100000.0,20.0,6.0,90,12/14/2018,true,2
1172,100000.0,20.0,6.0,90,12/14/2018,true,2
1173,100000.0,20.0,6.0,90,12/14/2018,true,2
1174,100000.0,20.0,6.0,90,12/14/2018,true,2
1175,100000.0,20.0,6.0,90,12/14/2018,true,2
1176,100000.0,20.0,6.0,90,12/14/2018,true,2
1177,100000.0,20.0,6.0,90,12/14/2018,true,2
1178,100000.0,20.0,6.0,90,12/14/2018,true,2
1179,100000.0,20.0,6.0,90,12/14/2018,true,2
1180,100000.0,20.0,6.0,90,12/14/2018,true,2
1181,100000.0,20.0,6.0,90,12/14/2018,true,2
1182,100000.0,20.0,6.0,90,12/14/2018,true,2
1183,100000.0,20.0,6.0,90,12/14/2018,true,2
1184,100000.0,20.0,6.0,90,12/14/2018,true,2
1185,100000.0,20.0,6.0,90,12/14/2018,true,2
1186,100000.0,20.0,6.0,90,12/14/2018,true,2
1187,100000.0,20.0,6.0,90,12/14/2018,true,2
1188,100000.0,20.0,6.0,90,12/14/2018,true,2
1189,100000.0,20.0,6.0,90,12/14/2018,true,2
1190,100000.0,20.0,6.0,90,12/14/2018,true,2
1191,100000.0,20.0,6.0,90,12/14/2018,true,2
1192,100000.0,20.0,6.0,90,12/14/2018,true,2
1193,100000.0,20.0,6.0,90,12/14/2018,true,2
1194,100000.0,20.0,6.0,90,12/14/2018,true,2
1195,100000.0,20.0,6.0,90,12/14/2018,true,2
1196,100000.0,20.0,6.0,90,12/14/2018,true,2
1197,100000.0,20.0,6.0,90,12/14/2018,true,2
1198,100000.0,20.0,6.0,90,12/14/2018,true,2
1199,100000.0,20.0,6.0,90,12/14/2018,true,2
1200,100000.0,20.0,6.0,90,12/14/2018,true,2
1201,100000.0,20.0,6.0,90,12/14/2018,true,2
1202,100000.0,20.0,6.0,90,12/14/2018,true,2
1203,100000.0,20.0,6.0,90,12/14/2018,true,2
1204,100000.0,20.0,6.0,90,12/14/2018,true,2
1205,100000.0,20.0,6.0,90,12/14/2018,true,2
1206,100000.0,20.0,6.0,90,12/14/2018,true,2
1207,100000.0,20.0,6.0,90,12/14/2018,true,2
1208,100000.0,20.0,6.0,90,12/14/2018,true,2
1209,100000.0,20.0,6.0,90,12/14/2018,true,2
1210,100000.0,20.0,6.0,90,12/14/2018,true,2
1211,100000.0,20.0,6.0,90,12/14/2018,true,2
1212,100000.0,20.0,6.0,90,12/14/2018,true,2
1213,100000.0,20.0,6.0,90,12/14/2018,true,2
1214,100000.0,20.0,6.0,90,12/14/2018,true,2
1215,100000.0,20.0,6.0,90,12/14/2018,true,2
1216,100000.0,20.0,6.0,90,12/14/2018,true,2
1217,100000.0,20.0,6.0,90,12/14/2018,true,2
1218,100000.0,20.0,6.0,90,12/14/2018,true,2
1219,100000.0,20.0,6.0,90,12/14/2018,true,2
1220,100000.0,20.0,6.0,90,12/14/2018,true,2
1221,100000.0,20.0,6.0,90,12/14/2018,true,2
1222,100000.0,20.0,6.0,90,12/14/2018,true,2
1223,100000.0,20.0,6.0,90,12/14/2018,true,2
1224,100000.0,20.0,6.0,90,12/14/2018,true,2
1225,100000.0,20.0,6.0,90,12/14/2018,true,2
1226,100000.0,20.0,6.0,90,12/14/2018,true,2
1227,100000.0,20.0,6.0,90,12/14/2018,true,2
1228,100000.0,20.0,6.0,90,12/14/2018,true,2
1229,100000.0,20.0,6.0,90,12/14/2018,true,2
1230,100000.0,20.0,6.0,90,12/14/2018,true,2
1231,100000.0,20.0,6.0,90,12/14/2018,true,2
1232,100000.0,20.0,6.0,90,12/14/2018,true,2
1233,100000.0,20.0,6.0,90,12/14/2018,true,2
1234,100000.0,20.0,6.0,90,12/14/2018,true,2
1235,100000.0,20.0,6.0,90,12/14/2018,true,2
1236,100000.0,20.0,6.0,90,12/14/2018,true,2
1237,100000.0,20.0,6.0,90,12/14/2018,true,2
1238,100000.0,20.0,6.0,90,12/14/2018,true,2
1239,100000.0,20.0,6.0,90,12/14/2018,true,2
1240,100000.0,20.0,6.0,90,12/14/2018,true,2
1241,100000.0,20.0,6.0,90,12/14/2018,true,2
1242,100000.0,20.0,6.0,90,12/14/2018,true,2
1243,100000.0,20.0,6.0,90,12/14/2018,true,2
1244,100000.0,20.0,6.0,90,12/14/2018,true,2
1245,100000.0,20.0,6.0,90,12/14/2018,true,2
1246,100000.0,20.0,6.0,90,12/14/2018,true,2
1247,100000.0,20.0,6.0,90,12/14/2018,true,2
1248,100000.0,20.0,6.0,90,12/14/2018,true,2
1249,100000.0,20.0,6.0,90,12/14/2018,true,2
1250,100000.0,20.0,6.0,90,12/14/2018,true,2
1251,100000.0,20.0,6.0,90,12/14/2018,true,2
1252,100000.0,20.0,6.0,90,12/14/2018,true,2
1253,100000.0,20.0,6.0,90,12/14/2018,true,2
1254,100000.0,20.0,6.0,90,12/14/2018,true,2
1255,100000.0,20.0,6.0,90,12/14/2018,true,2
1256,100000.0,20.0,6.0,90,12/14/2018,true,2
1257,100000.0,20.0,6.0,90,12/14/2018,true,2
1258,100000.0,20.0,6.0,90,12/14/2018,true,2
1259,100000.0,20.0,6.0,90,12/14/2018,true,2
1260,100000.0,20.0,6.0,90,12/14/2018,true,2
1261,100000.0,20.0,6.0,90,12/14/2018,true,2
1262,100000.0,20.0,6.0,90,12/14/2018,true,2
1263,100000.0,20.0,6.0,90,12/14/2018,true,2
1264,100000.0,20.0,6.0,90,12/14/2018,true,2
1265,100000.0,20.0,6.0,90,12/14/2018,true,2
1266,100000.0,20.0,6.0,90,12/14/2018,true,2
1267,100000.0,20.0,6.0,90,12/14/2018,true,2
1268,100000.0,20.0,6.0,90,12/14/2018,true,2
1269,100000.0,20.0,6.0,90,12/14/2018,true,2
1270,100000.0,20.0,6.0,90,12/14/2018,true,2
1271,100000.0,20.0,6.0,90,12/14/2018,true,2
1272,100000.0,20.0,6.0,90,12/14/2018,true,2
1273,100000.0,20.0,6.0,90,12/14/2018,true,2
1274,100000.0,20.0,6.0,90,12/14/2018,true,2
1275,100000.0,20.0,6.0,90,12/14/2018,true,2
1276,100000.0,20.0,6.0,90,12/14/2018,true,2
1277,100000.0,20.0,6.0,90,12/14/2018,true,2
1278,100000.0,20.0,6.0,90,12/14/2018,true,2
1279,100000.0,20.0,6.0,90,12/14/2018,true,2
1280,100000.0,20.0,6.0,90,12/14/2018,true,2
1281,100000.0,20.0,6.0,90,12/14/2018,true,2
1282,100000.0,20.0,6.0,90,12/14/2018,true,2
1283,100000.0,20.0,6.0,90,12/14/2018,true,2
1284,100000.0,20.0,6.0,90,12/14/2018,true,2
1285,100000.0,20.0,6.0,90,12/14/2018,true,2
1286,100000.0,20.0,6.0,90,12/14/2018,true,2
1287,100000.0,20.0,6.0,90,12/14/2018,true,2
1288,100000.0,20.0,6.0,90,12/14/2018,true,2
1289,100000.0,20.0,6.0,90,12/14/2018,true,2
1290,100000.0,20.0,6.0,90,12/14/2018,true,2
1291,100000.0,20.0,6.0,90,12/14/2018,true,2
1292,100000.0,20.0,6.0,90,12/14/2018,true,2
1293,100000.0,20.0,6.0,90,12/14/2018,true,2
1294,100000.0,20.0,6.0,90,12/14/2018,true,2
1295,100000.0,20.0,6.0,90,12/14/2018,true,2
1296,100000.0,20.0,6.0,90,12/14/2018,true,2
1297,100000.0,20.0,6.0,90,12/14/2018,true,2
1298,100000.0,20.0,6.0,90,12/14/2018,true,2
1299,100000.0,20.0,6.0,90,12/14/2018,true,2
1300,100000.0,20.0,6.0,90,12/14/2018,true,2
1301,100000.0,20.0,6.0,90,12/14/2018,true,2
1302,100000.0,20.0,6.0,90,12/14/2018,true,2
1303,100000.0,20.0,6.0,90,12/14/2018,true,2
1304,100000.0,20.0,6.0,90,12/14/2018,true,2
1305,100000.0,20.0,6.0,90,12/14/2018,true,2
1306,100000.0,20.0,6.0,90,12/14/2018,true,2
1307,100000.0,20.0,6.0,90,12/14/2018,true,2
1308,100000.0,20.0,6.0,90,12/14/2018,true,2
1309,100000.0,20.0,6.0,90,12/14/2018,true,2
1310,100000.0,20.0,6.0,90,12/14/2018,true,2
1311,100000.0,20.0,6.0,90,12/14/2018,true,2
1312,100000.0,20.0,6.0,90,12/14/2018,true,2
1313,100000.0,20.0,6.0,90,12/14/2018,true,2
1314,100000.0,20.0,6.0,90,12/14/2018,true,2
1315,100000.0,20.0,6.0,90,12/14/2018,true,2
1316,100000.0,20.0,6.0,90,12/14/2018,true,2
1317,100000.0,20.0,6.0,90,12/14/2018,true,2
1318,100000.0,20.0,6.0,90,12/14/2018,true,2
1319,100000.0,20.0,6.0,90,12/14/2018,true,2
1320,100000.0,20.0,6.0,90,12/14/2018,true,2
1321,100000.0,20.0,6.0,90,12/14/2018,true,2
1322,100000.0,20.0,6.0,90,12/14/2018,true,2
1323,100000.0,20.0,6.0,90,12/14/2018,true,2
1324,100000.0,20.0,6.0,90,12/14/2018,true,2
1325,100000.0,20.0,6.0,90,12/14/2018,true,2
1326,100000.0,20.0,6.0,90,12/14/2018,true,2
1327,100000.0,20.0,6.0,90,12/14/2018,true,2
1328,100000.0,20.0,6.0,90,12/14/2018,true,2
1329,100000.0,20.0,6.0,90,12/14/2018,true,2
1330,100000.0,20.0,6.0,90,12/14/2018,true,2
1331,100000.0,20.0,6.0,90,12/14/2018,true,2
1332,100000.0,20.0,6.0,90,12/14/2018,true,2
1333,100000.0,20.0,6.0,90,12/14/2018,true,2
1334,100000.0,20.0,6.0,90,12/14/2018,true,2
1335,100000.0,20.0,6.0,90,12/14/2018,true,2
1336,100000.0,20.0,6.0,90,12/14/2018,true,2
1337,100000.0,20.0,6.0,90,12/14/2018,true,2
1338,100000.0,20.0,6.0,90,12/14/2018,true,2
1339,100000.0,20.0,6.0,90,12/14/2018,true,2
1340,100000.0,20.0,6.0,90,12/14/2018,true,2
1341,100000.0,20.0,6.0,90,12/14/2018,true,2
1342,100000.0,20.0,6.0,90,12/14/2018,true,2
1343,100000.0,20.0,6.0,90,12/14/2018,true,2
1344,100000.0,20.0,6.0,90,12/14/2018,true,2
1345,100000.0,20.0,6.0,90,12/14/2018,true,2
1346,100000.0,20.0,6.0,90,12/14/2018,true,2
1347,100000.0,20.0,6.0,90,12/14/2018,true,2
1348,100000.0,20.0,6.0,90,12/14/2018,true,2
1349,100000.0,20.0,6.0,90,12/14/2018,true,2
1350,100000.0,20.0,6.0,90,12/14/2018,true,2
1351,100000.0,20.0,6.0,90,12/14/2018,true,2
1352,100000.0,20.0,6.0,90,12/14/2018,true,2
1353,100000.0,20.0,6.0,90,12/14/2018,true,2
1354,100000.0,20.0,6.0,90,12/14/2018,true,2
1355,100000.0,20.0,6.0,90,12/14/2018,true,2
1356,100000.0,20.0,6.0,90,12/14/2018,true,2
1357,100000.0,20.0,6.0,90,12/14/2018,true,2
1358,100000.0,20.0,6.0,90,12/14/2018,true,2
1359,100000.0,20.0,6.0,90,12/14/2018,true,2
1360,100000.0,20.0,6.0,90,12/14/2018,true,2
1361,100000.0,20.0,6.0,90,12/14/2018,true,2
1362,100000.0,20.0,6.0,90,12/14/2018,true,2
1363,100000.0,20.0,6.0,90,12/14/2018,true,2
1364,100000.0,20.0,6.0,90,12/14/2018,true,2
1365,100000.0,20.0,6.0,90,12/14/2018,true,2
1366,100000.0,20.0,6.0,90,12/14/2018,true,2
1367,100000.0,20.0,6.0,90,12/14/2018,true,2
1368,100000.0,20.0,6.0,90,12/14/2018,true,2
1369,100000.0,20.0,6.0,90,12/14/2018,true,2
1370,100000.0,20.0,6.0,90,12/14/2018,true,2
1371,100000.0,20.0,6.0,90,12/14/2018,true,2
1372,100000.0,20.0,6.0,90,12/14/2018,true,2
1373,100000.0,20.0,6.0,90,12/14/2018,true,2
1374,100000.0,20.0,6.0,90,12/14/2018,true,2
1375,100000.0,20.0,6.0,90,12/14/2018,true,2
1376,100000.0,20.0,6.0,90,12/14/2018,true,2
1377,100000.0,20.0,6.0,90,12/14/2018,true,2
1378,100000.0,20.0,6.0,90,12/14/2018,true,2
1379,100000.0,20.0,6.0,90,12/14/2018,true,2
1380,100000.0,20.0,6.0,90,12/14/2018,true,2
1381,100000.0,20.0,6.0,90,12/14/2018,true,2
1382,100000.0,20.0,6.0,90,12/14/2018,true,2
1383,100000.0,20.0,6.0,90,12/14/2018,true,2
1384,100000.0,20.0,6.0,90,12/14/2018,true,2
1385,100000.0,20.0,6.0,90,12/14/2018,true,2
1386,100000.0,20.0,6.0,90,12/14/2018,true,2
1387,100000.0,20.0,6.0,90,12/14/2018,true,2
1388,100000.0,20.0,6.0,90,12/14/2018,true,2
1389,100000.0,20.0,6.0,90,12/14/2018,true,2
1390,100000.0,20.0,6.0,90,12/14/2018,true,2
1391,100000.0,20.0,6.0,90,12/14/2018,true,2
1392,100000.0,20.0,6.0,90,12/14/2018,true,2
1393,100000.0,20.0,6.0,90,12/14/2018,true,2
1394,100000.0,20.0,6.0,90,12/14/2018,true,2
1395,100000.0,20.0,6.0,90,12/14/2018,true,2
1396,100000.0,20.0,6.0,90,12/14/2018,true,2
1397,100000.0,20.0,6.0,90,12/14/2018,true,2
1398,100000.0,20.0,6.0,90,12/14/2018,true,2
1399,100000.0,20.0,6.0,90,12/14/2018,true,2
1400,100000.0,20.0,6.0,90,12/14/2018,true,2
1401,100000.0,20.0,6.0,90,12/14/2018,true,2
1402,100000.0,20.0,6.0,90,12/14/2018,true,2
1403,100000.0,20.0,6.0,90,12/14/2018,true,2
1404,100000.0,20.0,6.0,90,12/14/2018,true,2
1405,100000.0,20.0,6.0,90,12/14/2018,true,2
1406,100000.0,20.0,6.0,90,12/14/2018,true,2
1407,100000.0,20.0,6.0,90,12/14/2018,true,2
1408,100000.0,20.0,6.0,90,12/14/2018,true,2
1409,100000.0,20.0,6.0,90,12/14/2018,true,2
1410,100000.0,20.0,6.0,90,12/14/2018,true,2
1411,100000.0,20.0,6.0,90,12/14/2018,true,2
1412,100000.0,20.0,6.0,90,12/14/2018,true,2
1413,100000.0,20.0,6.0,90,12/14/2018,true,2
1414,100000.0,20.0,6.0,90,12/14/2018,true,2
1415,100000.0,20.0,6.0,90,12/14/2018,true,2
1416,100000.0,20.0,6.0,90,12/14/2018,true,2
1417,100000.0,20.0,6.0,90,12/14/2018,true,2
1418,100000.0,20.0,6.0,90,12/14/2018,true,2
1419,100000.0,20.0,6.0,90,12/14/2018,true,2
1420,100000.0,20.0,6.0,90,12/14/2018,true,2
1421,100000.0,20.0,6.0,90,12/14/2018,true,2
1422,100000.0,20.0,6.0,90,12/14/2018,true,2
1423,100000.0,20.0,6.0,90,12/14/2018,true,2
1424,100000.0,20.0,6.0,90,12/14/2018,true,2
1425,100000.0,20.0,6.0,90,12/14/2018,true,2
1426,100000.0,20.0,6.0,90,12/14/2018,true,2
1427,100000.0,20.0,6.0,90,12/14/2018,true,2
1428,100000.0,20.0,6.0,90,12/14/2018,true,2
1429,100000.0,20.0,6.0,90,12/14/2018,true,2
1430,100000.0,20.0,6.0,90,12/14/2018,true,2
1431,100000.0,20.0,6.0,90,12/14/2018,true,2
1432,100000.0,20.0,6.0,90,12/14/2018,true,2
1433,100000.0,20.0,6.0,90,12/14/2018,true,2
1434,100000.0,20.0,6.0,90,12/14/2018,true,2
1435,100000.0,20.0,6.0,90,12/14/2018,true,2
1436,100000.0,20.0,6.0,90,12/14/2018,true,2
1437,100000.0,20.0,6.0,90,12/14/2018,true,2
1438,100000.0,20.0,6.0,90,12/14/2018,true,2
1439,100000.0,20.0,6.0,90,12/14/2018,true,2
1440,100000.0,20.0,6.0,90,12/14/2018,true,2
1441,100000.0,20.0,6.0,90,12/14/2018,true,2
1442,100000.0,20.0,6.0,90,12/14/2018,true,2
1443,100000.0,20.0,6.0,90,12/14/2018,true,2
1444,100000.0,20.0,6.0,90,12/14/2018,true,2
1445,100000.0,20.0,6.0,90,12/14/2018,true,2
1446,100000.0,20.0,6.0,90,12/14/2018,true,2
1447,100000.0,20.0,6.0,90,12/14/2018,true,2
1448,100000.0,20.0,6.0,90,12/14/2018,true,2
1449,100000.0,20.0,6.0,90,12/14/2018,true,2
1450,100000.0,20.0,6.0,90,12/14/2018,true,2
1451,100000.0,20.0,6.0,90,12/14/2018,true,2
1452,100000.0,20.0,6.0,90,12/14/2018,true,2
1453,100000.0,20.0,6.0,90,12/14/2018,true,2
1454,100000.0,20.0,6.0,90,12/14/2018,true,2
1455,100000.0,20.0,6.0,90,12/14/2018,true,2
1456,100000.0,20.0,6.0,90,12/14/2018,true,2
1457,100000.0,20.0,6.0,90,12/14/2018,true,2
1458,100000.0,20.0,6.0,90,12/14/2018,true,2
1459,100000.0,20.0,6.0,90,12/14/2018,true,2
1460,100000.0,20.0,6.0,90,12/14/2018,true,2
1461,100000.0,20.0,6.0,90,12/14/2018,true,2
1462,100000.0,20.0,6.0,90,12/14/2018,true,2
1463,100000.0,20.0,6.0,90,12/14/2018,true,2
1464,100000.0,20.0,6.0,90,12/14/2018,true,2
1465,100000.0,20.0,6.0,90,12/14/2018,true,2
1466,100000.0,20.0,6.0,90,12/14/2018,true,2
1467,100000.0,20.0,6.0,90,12/14/2018,true,2
1468,100000.0,20.0,6.0,90,12/14/2018,true,2
1469,100000.0,20.0,6.0,90,12/14/2018,true,2
1470,100000.0,20.0,6.0,90,12/14/2018,true,2
1471,100000.0,20.0,6.0,90,12/14/2018,true,2
1472,100000.0,20.0,6.0,90,12/14/2018,true,2
1473,100000.0,20.0,6.0,90,12/14/2018,true,2
1474,100000.0,20.0,6.0,90,12/14/2018,true,2
1475,100000.0,20.0,6.0,90,12/14/2018,true,2
1476,100000.0,20.0,6.0,90,12/14/2018,true,2
1477,100000.0,20.0,6.0,90,12/14/2018,true,2
1478,100000.0,20.0,6.0,90,12/14/2018,true,2
1479,100000.0,20.0,6.0,90,12/14/2018,true,2
1480,100000.0,20.0,6.0,90,12/14/2018,true,2
1481,100000.0,20.0,6.0,90,12/14/2018,true,2
1482,100000.0,20.0,6.0,90,12/14/2018,true,2
1483,100000.0,20.0,6.0,90,12/14/2018,true,2
1484,100000.0,20.0,6.0,90,12/14/2018,true,2
1485,100000.0,20.0,6.0,90,12/14/2018,true,2
1486,100000.0,20.0,6.0,90,12/14/2018,true,2
1487,100000.0,20.0,6.0,90,12/14/2018,true,2
1488,100000.0,20.0,6.0,90,12/14/2018,true,2
1489,100000.0,20.0,6.0,90,12/14/2018,true,2
1490,100000.0,20.0,6.0,90,12/14/2018,true,2
1491,100000.0,20.0,6.0,90,12/14/2018,true,2
1492,100000.0,20.0,6.0,90,12/14/2018,true,2
1493,100000.0,20.0,6.0,90,12/14/2018,true,2
1494,100000.0,20.0,6.0,90,12/14/2018,true,2
1495,100000.0,20.0,6.0,90,12/14/2018,true,2
1496,100000.0,20.0,6.0,90,12/14/2018,true,2
1497,100000.0,20.0,6.0,90,12/14/2018,true,2
1498,100000.0,20.0,6.0,90,12/14/2018,true,2
1499,100000.0,20.0,6.0,90,12/14/2018,true,2
1500,100000.0,20.0,6.0,90,12/14/2018,true,2
1501,100000.0,20.0,6.0,90,12/14/2018,true,2
1502,100000.0,20.0,6.0,90,12/14/2018,true,2
1503,100000.0,20.0,6.0,90,12/14/2018,true,2
1504,100000.0,20.0,6.0,90,12/14/2018,true,2
1505,100000.0,20.0,6.0,90,12/14/2018,true,2
1506,100000.0,20.0,6.0,90,12/14/2018,true,2
1507,100000.0,20.0,6.0,90,12/14/2018,true,2
1508,100000.0,20.0,6.0,90,12/14/2018,true,2
1509,100000.0,20.0,6.0,90,12/14/2018,true,2
1510,100000.0,20.0,6.0,90,12/14/2018,true,2
1511,100000.0,20.0,6.0,90,12/14/2018,true,2
1512,100000.0,20.0,6.0,90,12/14/2018,true,2
1513,100000.0,20.0,6.0,90,12/14/2018,true,2
1514,100000.0,20.0,6.0,90,12/14/2018,true,2
1515,100000.0,20.0,6.0,90,12/14/2018,true,2
1516,100000.0,20.0,6.0,90,12/14/2018,true,2
1517,100000.0,20.0,6.0,90,12/14/2018,true,2
1518,100000.0,20.0,6.0,90,12/14/2018,true,2
1519,100000.0,20.0,6.0,90,12/14/2018,true,2
1520,100000.0,20.0,6.0,90,12/14/2018,true,2
1521,100000.0,20.0,6.0,90,12/14/2018,true,2
1522,100000.0,20.0,6.0,90,12/14/2018,true,2
1523,100000.0,20.0,6.0,90,12/14/2018,true,2
1524,100000.0,20.0,6.0,90,12/14/2018,true,2
1525,100000.0,20.0,6.0,90,12/14/2018,true,2
1526,100000.0,20.0,6.0,90,12/14/2018,true,2
1527,100000.0,20.0,6.0,90,12/14/2018,true,2
1528,100000.0,20.0,6.0,90,12/14/2018,true,2
1529,100000.0,20.0,6.0,90,12/14/2018,true,2
1530,100000.0,20.0,6.0,90,12/14/2018,true,2
1531,100000.0,20.0,6.0,90,12/14/2018,true,2
1532,100000.0,20.0,6.0,90,12/14/2018,true,2
1533,100000.0,20.0,6.0,90,12/14/2018,true,2
1534,100000.0,20.0,6.0,90,12/14/2018,true,2
1535,100000.0,20.0,6.0,90,12/14/2018,true,2
1536,100000.0,20.0,6.0,90,12/14/2018,true,2
1537,100000.0,20.0,6.0,90,12/14/2018,true,2
1538,100000.0,20.0,6.0,90,12/14/2018,true,2
1539,100000.0,20.0,6.0,90,12/14/2018,true,2
1540,100000.0,20.0,6.0,90,12/14/2018,true,2
1541,100000.0,20.0,6.0,90,12/14/2018,true,2
1542,100000.0,20.0,6.0,90,12/14/2018,true,2
1543,100000.0,20.0,6.0,90,12/14/2018,true,2
1544,100000.0,20.0,6.0,90,12/14/2018,true,2
1545,100000.0,20.0,6.0,90,12/14/2018,true,2
1546,100000.0,20.0,6.0,90,12/14/2018,true,2
1547,100000.0,20.0,6.0,90,12/14/2018,true,2
1548,100000.0,20.0,6.0,90,12/14/2018,true,2
1549,100000.0,20.0,6.0,90,12/14/2018,true,2
1550,100000.0,20.0,6.0,90,12/14/2018,true,2
1551,100000.0,20.0,6.0,90,12/14/2018,true,2
1552,100000.0,20.0,6.0,90,12/14/2018,true,2
1553,100000.0,20.0,6.0,90,12/14/2018,true,2
1554,100000.0,20.0,6.0,90,12/14/2018,true,2
1555,100000.0,20.0,6.0,90,12/14/2018,true,2
1556,100000.0,20.0,6.0,90,12/14/2018,true,2
1557,100000.0,20.0,6.0,90,12/14/2018,true,2
1558,100000.0,20.0,6.0,90,12/14/2018,true,2
1559,100000.0,20.0,6.0,90,12/14/2018,true,2
1560,100000.0,20.0,6.0,90,12/14/2018,true,2
1561,100000.0,20.0,6.0,90,12/14/2018,true,2
1562,100000.0,20.0,6.0,90,12/14/2018,true,2
1563,100000.0,20.0,6.0,90,12/14/2018,true,2
1564,100000.0,20.0,6.0,90,12/14/2018,true,2
1565,100000.0,20.0,6.0,90,12/14/2018,true,2
1566,100000.0,20.0,6.0,90,12/14/2018,true,2
1567,100000.0,20.0,6.0,90,12/14/2018,true,2
1568,100000.0,20.0,6.0,90,12/14/2018,true,2
1569,100000.0,20.0,6.0,90,12/14/2018,true,2
1570,100000.0,20.0,6.0,90,12/14/2018,true,2
1571,100000.0,20.0,6.0,90,12/14/2018,true,2
1572,100000.0,20.0,6.0,90,12/14/2018,true,2
1573,100000.0,20.0,6.0,90,12/14/2018,true,2
1574,100000.0,20.0,6.0,90,12/14/2018,true,2
1575,100000.0,20.0,6.0,90,12/14/2018,true,2
1576,100000.0,20.0,6.0,90,12/14/2018,true,2
1577,100000.0,20.0,6.0,90,12/14/2018,true,2
1578,100000.0,20.0,6.0,90,12/14/2018,true,2
1579,100000.0,20.0,6.0,90,12/14/2018,true,2
1580,100000.0,20.0,6.0,90,12/14/2018,true,2
1581,100000.0,20.0,6.0,90,12/14/2018,true,2
1582,100000.0,20.0,6.0,90,12/14/2018,true,2
1583,100000.0,20.0,6.0,90,12/14/2018,true,2
1584,100000.0,20.0,6.0,90,12/14/2018,true,2
1585,100000.0,20.0,6.0,90,12/14/2018,true,2
1586,100000.0,20.0,6.0,90,12/14/2018,true,2
1587,100000.0,20.0,6.0,90,12/14/2018,true,2
1588,100000.0,20.0,6.0,90,12/14/2018,true,2
1589,100000.0,20.0,6.0,90,12/14/2018,true,2
1590,100000.0,20.0,6.0,90,12/14/2018,true,2
1591,100000.0,20.0,6.0,90,12/14/2018,true,2
1592,100000.0,20.0,6.0,90,12/14/2018,true,2
1593,100000.0,20.0,6.0,90,12/14/2018,true,2
1594,100000.0,20.0,6.0,90,12/14/2018,true,2
1595,100000.0,20.0,6.0,90,12/14/2018,true,2
1596,100000.0,20.0,6.0,90,12/14/2018,true,2
1597,100000.0,20.0,6.0,90,12/14/2018,true,2
1598,100000.0,20.0,6.0,90,12/14/2018,true,2
1599,100000.0,20.0,6.0,90,12/14/2018,true,2
1600,100000.0,20.0,6.0,90,12/14/2018,true,2
1601,100000.0,20.0,6.0,90,12/14/2018,true,2
1602,100000.0,20.0,6.0,90,12/14/2018,true,2
1603,100000.0,20.0,6.0,90,12/14/2018,true,2
1604,100000.0,20.0,6.0,90,12/14/2018,true,2
1605,100000.0,20.0,6.0,90,12/14/2018,true,2
1606,100000.0,20.0,6.0,90,12/14/2018,true,2
1607,100000.0,20.0,6.0,90,12/14/2018,true,2
1608,100000.0,20.0,6.0,90,12/14/2018,true,2
1609,100000.0,20.0,6.0,90,12/14/2018,true,2
1610,100000.0,20.0,6.0,90,12/14/2018,true,2
1611,100000.0,20.0,6.0,90,12/14/2018,true,2
1612,100000.0,20.0,6.0,90,12/14/2018,true,2
1613,100000.0,20.0,6.0,90,12/14/2018,true,2
1614,100000.0,20.0,6.0,90,12/14/2018,true,2
1615,100000.0,20.0,6.0,90,12/14/2018,true,2
1616,100000.0,20.0,6.0,90,12/14/2018,true,2
1617,100000.0,20.0,6.0,90,12/14/2018,true,2
1618,100000.0,20.0,6.0,90,12/14/2018,true,2
1619,100000.0,20.0,6.0,90,12/14/2018,true,2
1620,100000.0,20.0,6.0,90,12/14/2018,true,2
1621,100000.0,20.0,6.0,90,12/14/2018,true,2
1622,100000.0,20.0,6.0,90,12/14/2018,true,2
1623,100000.0,20.0,6.0,90,12/14/2018,true,2
1624,100000.0,20.0,6.0,90,12/14/2018,true,2
1625,100000.0,20.0,6.0,90,12/14/2018,true,2
1626,100000.0,20.0,6.0,90,12/14/2018,true,2
1627,100000.0,20.0,6.0,90,12/14/2018,true,2
1628,100000.0,20.0,6.0,90,12/14/2018,true,2
1629,100000.0,20.0,6.0,90,12/14/2018,true,2
1630,100000.0,20.0,6.0,90,12/14/2018,true,2
1631,100000.0,20.0,6.0,90,12/14/2018,true,2
1632,100000.0,20.0,6.0,90,12/14/2018,true,2
1633,100000.0,20.0,6.0,90,12/14/2018,true,2
1634,100000.0,20.0,6.0,90,12/14/2018,true,2
1635,100000.0,20.0,6.0,90,12/14/2018,true,2
1636,100000.0,20.0,6.0,90,12/14/2018,true,2
1637,100000.0,20.0,6.0,90,12/14/2018,true,2
1638,100000.0,20.0,6.0,90,12/14/2018,true,2
1639,100000.0,20.0,6.0,90,12/14/2018,true,2
1640,100000.0,20.0,6.0,90,12/14/2018,true,2
1641,100000.0,20.0,6.0,90,12/14/2018,true,2
1642,100000.0,20.0,6.0,90,12/14/2018,true,2
1643,100000.0,20.0,6.0,90,12/14/2018,true,2
1644,100000.0,20.0,6.0,90,12/14/2018,true,2
1645,100000.0,20.0,6.0,90,12/14/2018,true,2
1646,100000.0,20.0,6.0,90,12/14/2018,true,2
1647,100000.0,20.0,6.0,90,12/14/2018,true,2
1648,100000.0,20.0,6.0,90,12/14/2018,true,2
1649,100000.0,20.0,6.0,90,12/14/2018,true,2
1650,100000.0,20.0,6.0,90,12/14/2018,true,2
1651,100000.0,20.0,6.0,90,12/14/2018,true,2
1652,100000.0,20.0,6.0,90,12/14/2018,true,2
1653,100000.0,20.0,6.0,90,12/14/2018,true,2
1654,100000.0,20.0,6.0,90,12/14/2018,true,2
1655,100000.0,20.0,6.0,90,12/14/2018,true,2
1656,100000.0,20.0,6.0,90,12/14/2018,true,2
1657,100000.0,20.0,6.0,90,12/14/2018,true,2
1658,100000.0,20.0,6.0,90,12/14/2018,true,2
1659,100000.0,20.0,6.0,90,12/14/2018,true,2
1660,100000.0,20.0,6.0,90,12/14/2018,true,2
1661,100000.0,20.0,6.0,90,12/14/2018,true,2
1662,100000.0,20.0,6.0,90,12/14/2018,true,2
1663,100000.0,20.0,6.0,90,12/14/2018,true,2
1664,100000.0,20.0,6.0,90,12/14/2018,true,2
1665,100000.0,20.0,6.0,90,12/14/2018,true,2
1666,100000.0,20.0,6.0,90,12/14/2018,true,2
1667,100000.0,20.0,6.0,90,12/14/2018,true,2
1668,100000.0,20.0,6.0,90,12/14/2018,true,2
1669,100000.0,20.0,6.0,90,12/14/2018,true,2
1670,100000.0,20.0,6.0,90,12/14/2018,true,2
1671,100000.0,20.0,6.0,90,12/14/2018,true,2
1672,100000.0,20.0,6.0,90,12/14/2018,true,2
1673,100000.0,20.0,6.0,90,12/14/2018,true,2
1674,100000.0,20.0,6.0,90,12/14/2018,true,2
1675,100000.0,20.0,6.0,90,12/14/2018,true,2
1676,100000.0,20.0,6.0,90,12/14/2018,true,2
1677,100000.0,20.0,6.0,90,12/14/2018,true,2
1678,100000.0,20.0,6.0,90,12/14/2018,true,2
1679,100000.0,20.0,6.0,90,12/14/2018,true,2
1680,100000.0,20.0,6.0,90,12/14/2018,true,2
1681,100000.0,20.0,6.0,90,12/14/2018,true,2
1682,100000.0,20.0,6.0,90,12/14/2018,true,2
1683,100000.0,20.0,6.0,90,12/14/2018,true,2
1684,100000.0,20.0,6.0,90,12/14/2018,true,2
1685,100000.0,20.0,6.0,90,12/14/2018,true,2
1686,100000.0,20.0,6.0,90,12/14/2018,true,2
1687,100000.0,20.0,6.0,90,12/14/2018,true,2
1688,100000.0,20.0,6.0,90,12/14/2018,true,2
1689,100000.0,20.0,6.0,90,12/14/2018,true,2
1690,100000.0,20.0,6.0,90,12/14/2018,true,2
1691,100000.0,20.0,6.0,90,12/14/2018,true,2
1692,100000.0,20.0,6.0,90,12/14/2018,true,2
1693,100000.0,20.0,6.0,90,12/14/2018,true,2
1694,100000.0,20.0,6.0,90,12/14/2018,true,2
1695,100000.0,20.0,6.0,90,12/14/2018,true,2
1696,100000.0,20.0,6.0,90,12/14/2018,true,2
1697,100000.0,20.0,6.0,90,12/14/2018,true,2
1698,100000.0,20.0,6.0,90,12/14/2018,true,2
1699,100000.0,20.0,6.0,90,12/14/2018,true,2
1700,100000.0,20.0,6.0,90,12/14/2018,true,2
1701,100000.0,20.0,6.0,90,12/14/2018,true,2
1702,100000.0,20.0,6.0,90,12/14/2018,true,2
1703,100000.0,20.0,6.0,90,12/14/2018,true,2
1704,100000.0,20.0,6.0,90,12/14/2018,true,2
1705,100000.0,20.0,6.0,90,12/14/2018,true,2
1706,100000.0,20.0,6.0,90,12/14/2018,true,2
1707,100000.0,20.0,6.0,90,12/14/2018,true,2
1708,100000.0,20.0,6.0,90,12/14/2018,true,2
1709,100000.0,20.0,6.0,90,12/14/2018,true,2
1710,100000.0,20.0,6.0,90,12/14/2018,true,2
1711,100000.0,20.0,6.0,90,12/14/2018,true,2
1712,100000.0,20.0,6.0,90,12/14/2018,true,2
1713,100000.0,20.0,6.0,90,12/14/2018,true,2
1714,100000.0,20.0,6.0,90,12/14/2018,true,2
1715,100000.0,20.0,6.0,90,12/14/2018,true,2
1716,100000.0,20.0,6.0,90,12/14/2018,true,2
1717,100000.0,20.0,6.0,90,12/14/2018,true,2
1718,100000.0,20.0,6.0,90,12/14/2018,true,2
1719,100000.0,20.0,6.0,90,12/14/2018,true,2
1720,100000.0,20.0,6.0,90,12/14/2018,true,2
1721,100000.0,20.0,6.0,90,12/14/2018,true,2
1722,100000.0,20.0,6.0,90,12/14/2018,true,2
1723,100000.0,20.0,6.0,90,12/14/2018,true,2
1724,100000.0,20.0,6.0,90,12/14/2018,true,2
1725,100000.0,20.0,6.0,90,12/14/2018,true,2
1726,100000.0,20.0,6.0,90,12/14/2018,true,2
1727,100000.0,20.0,6.0,90,12/14/2018,true,2
1728,100000.0,20.0,6.0,90,12/14/2018,true,2
1729,100000.0,20.0,6.0,90,12/14/2018,true,2
1730,100000.0,20.0,6.0,90,12/14/2018,true,2
1731,100000.0,20.0,6.0,90,12/14/2018,true,2
1732,100000.0,20.0,6.0,90,12/14/2018,true,2
1733,100000.0,20.0,6.0,90,12/14/2018,true,2
1734,100000.0,20.0,6.0,90,12/14/2018,true,2
1735,100000.0,20.0,6.0,90,12/14/2018,true,2
1736,100000.0,20.0,6.0,90,12/14/2018,true,2
1737,100000.0,20.0,6.0,90,12/14/2018,true,2
1738,100000.0,20.0,6.0,90,12/14/2018,true,2
1739,100000.0,20.0,6.0,90,12/14/2018,true,2
1740,100000.0,20.0,6.0,90,12/14/2018,true,2
1741,100000.0,20.0,6.0,90,12/14/2018,true,2
1742,100000.0,20.0,6.0,90,12/14/2018,true,2
1743,100000.0,20.0,6.0,90,12/14/2018,true,2
1744,100000.0,20.0,6.0,90,12/14/2018,true,2
1745,100000.0,20.0,6.0,90,12/14/2018,true,2
1746,100000.0,20.0,6.0,90,12/14/2018,true,2
1747,100000.0,20.0,6.0,90,12/14/2018,true,2
1748,100000.0,20.0,6.0,90,12/14/2018,true,2
1749,100000.0,20.0,6.0,90,12/14/2018,true,2
1750,100000.0,20.0,6.0,90,12/14/2018,true,2
1751,100000.0,20.0,6.0,90,12/14/2018,true,2
1752,100000.0,20.0,6.0,90,12/14/2018,true,2
1753,100000.0,20.0,6.0,90,12/14/2018,true,2
1754,100000.0,20.0,6.0,90,12/14/2018,true,2
1755,100000.0,20.0,6.0,90,12/14/2018,true,2
1756,100000.0,20.0,6.0,90,12/14/2018,true,2
1757,100000.0,20.0,6.0,90,12/14/2018,true,2
1758,100000.0,20.0,6.0,90,12/14/2018,true,2
1759,100000.0,20.0,6.0,90,12/14/2018,true,2
1760,100000.0,20.0,6.0,90,12/14/2018,true,2
1761,100000.0,20.0,6.0,90,12/14/2018,true,2
1762,100000.0,20.0,6.0,90,12/14/2018,true,2
1763,100000.0,20.0,6.0,90,12/14/2018,true,2
1764,100000.0,20.0,6.0,90,12/14/2018,true,2
1765,100000.0,20.0,6.0,90,12/14/2018,true,2
1766,100000.0,20.0,6.0,90,12/14/2018,true,2
1767,100000.0,20.0,6.0,90,12/14/2018,true,2
1768,100000.0,20.0,6.0,90,12/14/2018,true,2
1769,100000.0,20.0,6.0,90,12/14/2018,true,2
1770,100000.0,20.0,6.0,90,12/14/2018,true,2
1771,100000.0,20.0,6.0,90,12/14/2018,true,2
1772,100000.0,20.0,6.0,90,12/14/2018,true,2
1773,100000.0,20.0,6.0,90,12/14/2018,true,2
1774,100000.0,20.0,6.0,90,12/14/2018,true,2
1775,100000.0,20.0,6.0,90,12/14/2018,true,2
1776,100000.0,20.0,6.0,90,12/14/2018,true,2
1777,100000.0,20.0,6.0,35,12/14/2018,true,2
1778,100000.0,20.0,6.0,35,12/14/2018,true,2
1779,100000.0,20.0,6.0,35,12/14/2018,true,2
1780,100000.0,20.0,6.0,35,12/14/2018,true,2
1781,100000.0,20.0,6.0,35,12/14/2018,true,2
1782,100000.0,20.0,6.0,35,12/14/2018,true,2
